client_id	path	sentence_id	sentence	sentence_domain	up_votes	down_votes	age	gender	accents	variant	locale	segment	grouped_accents
892bf89bd3a008a7d982de0d278349e654c713efacf965e88e46a12398375cd8502711378e378c39c33b2f995f47799760c6e6e05948b93c0d2b9fd427854ffc	./experiments/central20_53m_v01/cwattacks/adversarial_38406828.wav	b0ac27791c2b2ec5eb3e21e7413894bc8e8f5df0904eb4fe0f427c2c08c10e10	Demà passat na Greta i en Gerard van a Gurb.		3	0	fourties	male_masculine	valencià,La Vall d'Albaida		ca		valencià
892bf89bd3a008a7d982de0d278349e654c713efacf965e88e46a12398375cd8502711378e378c39c33b2f995f47799760c6e6e05948b93c0d2b9fd427854ffc	./experiments/central20_53m_v01/cwattacks/adversarial_3836352.wav	ac4416e082a5a342b38032535e84b4829d16dc8987c96b646d1ee43b26855333	Els informes, entrevistes, titulars, piulets i columnes crítiques amb el govern.		6	0	fourties	male_masculine	valencià,La Vall d'Albaida		ca		valencià
892bf89bd3a008a7d982de0d278349e654c713efacf965e88e46a12398375cd8502711378e378c39c33b2f995f47799760c6e6e05948b93c0d2b9fd427854ffc	./experiments/central20_53m_v01/cwattacks/adversarial_38943678.wav	c799a0f2f83803f69e66b38410170b66812f66b67dde0c03dfd8b00f0a04d6f4	Penjar un llum en un clau.		3	0	fourties	male_masculine	valencià,La Vall d'Albaida		ca		valencià
892bf89bd3a008a7d982de0d278349e654c713efacf965e88e46a12398375cd8502711378e378c39c33b2f995f47799760c6e6e05948b93c0d2b9fd427854ffc	./experiments/central20_53m_v01/cwattacks/adversarial_39907748.wav	d5b8f5a8c41f23a62692b224666a1fa97a642464880c897897a7fc51462330dc	El document recull també els principals problemes de l’economia catalana.		3	0	fourties	male_masculine	valencià,La Vall d'Albaida		ca		valencià
eaf0b12e9f0ff8ba96e7cf300153d0ad3a43653417760ad84686e55d35d1f1c7b3cc89efdced65cadd7e777d68ce11166a0e758c9e40d8d3dce922d8cc6e6c34	./experiments/central20_53m_v01/cwattacks/adversarial_31314438.wav	0679c54d3238532ff4793463d398dde1bdd386259af987b6cc1320a8ee2f3b64	No obstant, Charlotte era quasi sempre molt feliç en el seu matrimoni.		6	0			Ebrenc		ca		valencià
d9770fe2b1596832e93ff1c30eff6da2b414d79896be232ac0faa4da55cea015af6bb785aad54f3216662a1978c577919b907143fdee82130a604a256fde07a2	./experiments/central20_53m_v01/cwattacks/adversarial_38686058.wav	86bc500c6f5d7b04117934d2d58f8ea98f544405e7783212e007b8a7a415b6ef	La cerimònia va ser ben curta.		2	0			valencià	Valencià meridional	ca		valencià
892bf89bd3a008a7d982de0d278349e654c713efacf965e88e46a12398375cd8502711378e378c39c33b2f995f47799760c6e6e05948b93c0d2b9fd427854ffc	./experiments/central20_53m_v01/cwattacks/adversarial_38486260.wav	b2a0b2f4f45d366725de416fdf3c4b176c35657f18ded7afa0846a184d397cee	També va ser el primer descans màxim de O'Sullivan a la competició professional.		3	0	fourties	male_masculine	valencià,La Vall d'Albaida		ca		valencià
d9770fe2b1596832e93ff1c30eff6da2b414d79896be232ac0faa4da55cea015af6bb785aad54f3216662a1978c577919b907143fdee82130a604a256fde07a2	./experiments/central20_53m_v01/cwattacks/adversarial_38828620.wav	c4794f65656f0a6f99d476defd3212474358911ef76fe8a87f06d180d67c4091	A Almudaina, les cireres.		4	0	fifties	male_masculine	valencià	Valencià meridional	ca		valencià
892bf89bd3a008a7d982de0d278349e654c713efacf965e88e46a12398375cd8502711378e378c39c33b2f995f47799760c6e6e05948b93c0d2b9fd427854ffc	./experiments/central20_53m_v01/cwattacks/adversarial_3838252.wav	ae7f01aaa5be5d7b27ccae0c732ab44913bf680bcd00c5d85b9e81961348d994	Es tracta d'un edifici cantoner de grans dimensions, consta de planta baixa i dos pisos.		6	0	fourties	male_masculine	valencià,La Vall d'Albaida		ca		valencià
34932f513b879d6463714ca31b753cc65a39687deb2626868a8047091359af8ab9dd05bb1396707eb95d7ee9bd04373403758ebc5671906ebd3eb61d5126a38d	./experiments/central20_53m_v01/cwattacks/adversarial_18292922.wav	7a61e7f6e0aa2d2caa410e8add13f6cc6a0ee29d28220f7b719b217b9664170e	Venim d'Anglès.		3	0	twenties	male_masculine	valencià		ca		valencià
892bf89bd3a008a7d982de0d278349e654c713efacf965e88e46a12398375cd8502711378e378c39c33b2f995f47799760c6e6e05948b93c0d2b9fd427854ffc	./experiments/central20_53m_v01/cwattacks/adversarial_38122645.wav	9988875edcd08e2a3f44e2adebfc7e8753ec9e57eca43e26d294169d00ec640d	L'Alquimista va encendre el foc i al cap de poc una deliciosa flaire impregnava la tenda.		3	0	fourties	male_masculine	valencià,La Vall d'Albaida		ca		valencià
b5419f6ea89dc32431a7671df1ebf934647bba5b27db54235fb1e47d691b70c3160bf8019653d5faad616b169adfea5d8e7077e9820d9294144354133d45ee16	./experiments/central20_53m_v01/cwattacks/adversarial_33195299.wav	80393a8eaaa268c7b0138156ee2421704c9f3fb7ecaad4b03bc1c5e148d867fe	En la investigació hi treballen diversos agents d’informació.		3	0			valencià		ca		valencià
bd2b55a23a86bfca8c50f356ef04615130bceba8adfefe3e6ef7272224850a95bdc367de8d1cf8c3ca3d569ba254f63c86edfae6ab4b37d4525249d72f0b462f	./experiments/central20_53m_v01/cwattacks/adversarial_319421.wav	4ff26cade9fe7153f652bca386f734457ca1478889a232eaa71b6bbe80fb5c40	Per Sant Jordi na Vinyet i en Marc iran a Loriguilla.		6	2	thirties	female_feminine	valencià		ca		valencià
8de170a9e19406656db4500be58eee1826d78b036fcc3c4da3f7fe17bcd8e528b7750e28fe1527b8752b41b25e3910e4b7469ab3c9572e1a69d670d0e9e7a252	./experiments/central20_53m_v01/cwattacks/adversarial_38687479.wav	be9292a09dc1ede122dea58fd531bb9aeb31aa0b985871125c92189633022e0e	Quina botiga hi ha al carrer de Reig i Bonet número vuitanta-dos?		2	0	fifties	male_masculine	valencià	Valencià meridional	ca		valencià
892bf89bd3a008a7d982de0d278349e654c713efacf965e88e46a12398375cd8502711378e378c39c33b2f995f47799760c6e6e05948b93c0d2b9fd427854ffc	./experiments/central20_53m_v01/cwattacks/adversarial_38801779.wav	c34165fb3869f16dc5c48e5413d72cbc586cae654618b23745602357f061c023	Penja a l'esquerra del pit i se situa després de l'Orde de la Bandera Roja.		3	0	fourties	male_masculine	valencià,La Vall d'Albaida		ca		valencià
d647b73602a3a0c1b06f282a612c29eefc6a7e372bc8af212a41f481843c23a975b41ca402f06ecb7dc660d4dd22a814f7659b48da7dfd28c02a319032394da1	./experiments/central20_53m_v01/cwattacks/adversarial_19512112.wav	09caee2824c97bb656b068bb70865b3a653628dcca00d6e7a53e9888154f4bcb	Fou fundada probablement en època sassànida i fou un centre comercial i estratègic.		3	0	thirties	male_masculine	valencià		ca		valencià
892bf89bd3a008a7d982de0d278349e654c713efacf965e88e46a12398375cd8502711378e378c39c33b2f995f47799760c6e6e05948b93c0d2b9fd427854ffc	./experiments/central20_53m_v01/cwattacks/adversarial_38531174.wav	b632774535b167bfb6dcd88bd9f07354febdcc5f74d2f6238fb167c9e41952a1	Entre la fauna també destaquen els coralls, les barracudes i les tortugues marines.		6	0	fourties	male_masculine	valencià,La Vall d'Albaida		ca		valencià
7d19dccf48114d3ec00c45fe80581300faca042157d6c9458ec439c300d8c7b1190aa70eecf19f8b1d5af8c7291f3da08fc635a7fd6acc7c5b203d1e226589f5	./experiments/central20_53m_v01/cwattacks/adversarial_202834.wav	25ef229dd863ef7c2bc6983aa932bfaa59df5b81bb8832ef7cb879e2442af7c7	El nucli del predicat és el verb.		2	0	thirties	male_masculine	valencià		ca		valencià
892bf89bd3a008a7d982de0d278349e654c713efacf965e88e46a12398375cd8502711378e378c39c33b2f995f47799760c6e6e05948b93c0d2b9fd427854ffc	./experiments/central20_53m_v01/cwattacks/adversarial_38370180.wav	acfa5d0e72894c0dabccfac276d3282f139fdb5b7ab747acaaa40ed5ea6999f3	Aquesta separació es basà en indicis genètics i morfològics.		6	0	fourties	male_masculine	valencià,La Vall d'Albaida		ca		valencià
967d23f93251965620d2a692969aabb61ca641776419f0a4001c980423feaa663a26e822238755637c0b1e62247f848ddc2b75a6bfe55af50caa5a4ff6b28ca2	./experiments/central20_53m_v01/cwattacks/adversarial_33607149.wav	2c9551c4134aaaba90615097d233178ad3aaa5de6f263b0da28daf3cf0f2575b	Atenem el públic de vuit a vuit.		4	2	sixties	male_masculine	valencià		ca		valencià
c1bafe50eb70a1b65188fac549c6bbe7f641b672fbe9fd08cb64ed1f176efbedeca88f5c295d508e2dbf9b495fe0040bbbfbc4776af0d6cad6576a997db3e4cc	./experiments/central20_53m_v01/cwattacks/adversarial_21927771.wav	73209d2800782213b81e65ff8e2c61b8e5c6a71e1e476c22918e95782d006e7e	Pertanyia a una família modesta d'origen castellà.		3	0	thirties	male_masculine	valencià	Valencià meridional	ca		valencià
892bf89bd3a008a7d982de0d278349e654c713efacf965e88e46a12398375cd8502711378e378c39c33b2f995f47799760c6e6e05948b93c0d2b9fd427854ffc	./experiments/central20_53m_v01/cwattacks/adversarial_31132389.wav	f0928108fce88b99b727e009ba7a187bc92a77718d60944c737433553dfbc8b0	Va ser vicepresident del Centre Excursionista del Bages.		9	0	fourties	male_masculine	valencià,La Vall d'Albaida		ca		valencià
892bf89bd3a008a7d982de0d278349e654c713efacf965e88e46a12398375cd8502711378e378c39c33b2f995f47799760c6e6e05948b93c0d2b9fd427854ffc	./experiments/central20_53m_v01/cwattacks/adversarial_39149559.wav	ca0e44bc3a1bd5dc10c273779de93a8e4ca7284930ea77f74361e20119247294	La seva mare seguia sent musulmana, però els seus germans són cristians.		3	0	fourties	male_masculine	valencià,La Vall d'Albaida		ca		valencià
892bf89bd3a008a7d982de0d278349e654c713efacf965e88e46a12398375cd8502711378e378c39c33b2f995f47799760c6e6e05948b93c0d2b9fd427854ffc	./experiments/central20_53m_v01/cwattacks/adversarial_38418097.wav	b190d625be109a742495d52ee9b27e76c19d8458dac736eb36ccc009ec1d47d4	Com ho faig per anar a la plaça de Jaume Sabartés número vuit?		3	0	fourties	male_masculine	valencià,La Vall d'Albaida		ca		valencià
18c936a2ff5c18df767d47be420c86b8dea40f776143f532887f110319995e5ecf121745e5298b4be96056c178ef6ed4f9dec2f158412f662c88a5283f99a211	./experiments/central20_53m_v01/cwattacks/adversarial_21337827.wav	4cda65a10da6943d245814d17348178e54410e59c29ead9c221dfadd7fb5ae99	S'han aportat diverses causes per al diferent desenvolupament regional.		2	0	twenties	female_feminine	valencià		ca		valencià
a2b06b54679145e65ce10a8356285efcadbacd41be817d2e0858ddba59e638775b79f76cb9e4ac5859627b67ebf227c55b51cc48e6d0d7ef41c9845d96ded68a	./experiments/central20_53m_v01/cwattacks/adversarial_24829456.wav	02f7f1a7dfef8fffd955a4b5a68a34b4867594a215fa285b31a3ceae16ab5cfa	"""En Psicologia social, un altre terme per a l'amor entre els bons amics és """"philia""""."""		2	0	fifties	male_masculine	valencià		ca		valencià
892bf89bd3a008a7d982de0d278349e654c713efacf965e88e46a12398375cd8502711378e378c39c33b2f995f47799760c6e6e05948b93c0d2b9fd427854ffc	./experiments/central20_53m_v01/cwattacks/adversarial_39271335.wav	ccf228c0130b1554d86a3376e949796cb11120c1285f80db75897a52ed05f69e	Es caracteritzen per tenir els èlitres tous que recobreixen completament l'abdomen i sovint coloracions vistoses.		3	0	fourties	male_masculine	valencià,La Vall d'Albaida		ca		valencià
896256329fbeb5b8116349c31d8a39a7d36d5f970d48558e1db5417d611e240e4dbf473f6e49137f7aa6116394b7deabb0bbec4a014896cdc9484ee91458117d	./experiments/central20_53m_v01/cwattacks/adversarial_21103311.wav	4070167fdfa5553e7d58de6dbd3b7e5040c70206cf0f1509da9861f9c27bedd8	L'estat de conservació d'aquests és mitjà.		3	0	fourties	male_masculine	valencià		ca		valencià
d647b73602a3a0c1b06f282a612c29eefc6a7e372bc8af212a41f481843c23a975b41ca402f06ecb7dc660d4dd22a814f7659b48da7dfd28c02a319032394da1	./experiments/central20_53m_v01/cwattacks/adversarial_19394870.wav	01effc32567cff5092ed039bbc3481d8e400af58f688d16af0a25ad8225c9d51	Es va demanar que la missió funcionés plenament.		2	0	thirties	male_masculine	valencià		ca		valencià
476d864483b18cda82a7bce11a5aeb5930fa4f37ee6e6062052b7e19362dc7a43e9fffefad082290e1a58da413adeeb3a9998a90a14013727bb07c26bbc36a3a	./experiments/central20_53m_v01/cwattacks/adversarial_25891851.wav	2c6f2ab69880ad58a4e0e2e62488941c25aef4583e538606cae1126bc70b03c3	La humanitat ha après a adaptar-se al llarg de moltes generacions.		2	0	twenties	male_masculine	valencià		ca		valencià
9dc16e6f77132e9bdf0545b4232722792031ec49e5efe40ecb3ca4fa7885d908b289071f6188270edac78e466d393af32e64edda3cc520fd50004d14ae73f031	./experiments/central20_53m_v01/cwattacks/adversarial_17853748.wav	4ae4d1b5906f78a48ca84e89c0d639f7508ecc7dd2e7544c7aa293606dbc3a95	Venim dels Guiamets.		3	0	sixties	female_feminine	valencià		ca		valencià
892bf89bd3a008a7d982de0d278349e654c713efacf965e88e46a12398375cd8502711378e378c39c33b2f995f47799760c6e6e05948b93c0d2b9fd427854ffc	./experiments/central20_53m_v01/cwattacks/adversarial_30617639.wav	5383c7d2f99b8331c03a90fd0a734df9b8bd8956b760123c570e96d443ae5da4	Després, molt planament, suaument i amorosament se'm digué que jo treballava massa.		9	0	fourties	male_masculine	valencià,La Vall d'Albaida		ca		valencià
b0a3c5148905a3e7e18c773684026e4ccd8811c3c62f6fcfc23135686a8db9c2caa6de7b14775e29b7cdeb360ae25ea626381c7689ade892c3fb72f82e2daa89	./experiments/central20_53m_v01/cwattacks/adversarial_28099529.wav	52b79d3f4aaf43952c8e8449c9c8594ab3f55f5d9fe8780c5a1b99cb87caa761	Crec que em mantindré en els mals jocs de paraules en el futur.		6	0	teens	male_masculine	Tortosí,valencià,nord-occidental		ca		valencià
892bf89bd3a008a7d982de0d278349e654c713efacf965e88e46a12398375cd8502711378e378c39c33b2f995f47799760c6e6e05948b93c0d2b9fd427854ffc	./experiments/central20_53m_v01/cwattacks/adversarial_30589571.wav	6b150b5cc3a8eafe228a4ad054fa2a7bc587e1949e612ced16705bf8674b1f3e	Va ser la manera més bonica i autèntica de col·laborar.		9	0	fourties	male_masculine	valencià,La Vall d'Albaida		ca		valencià
dafd89491990553f5e22021f96344b3bc92be6a419c919ba78860876f226e51e668dbabcb11cf9500f3bd05582b387907ea007b5e8f37c78fb71ac819b9bc20e	./experiments/central20_53m_v01/cwattacks/adversarial_20257735.wav	259c8d2353961e565af7c6174828bb743be19a341d56e953187887196e5217be	No presenta ornamentació però si uns grafits avui molt malmesos.		3	0	twenties	male_masculine	valencià		ca		valencià
892bf89bd3a008a7d982de0d278349e654c713efacf965e88e46a12398375cd8502711378e378c39c33b2f995f47799760c6e6e05948b93c0d2b9fd427854ffc	./experiments/central20_53m_v01/cwattacks/adversarial_38202450.wav	a014b835b008005814c22432fad23417f102f3738eb74294c8598a433f4baf00	Les tiges ascendents simples o ramificades amb fulles sèssils i ovades.		3	0	fourties	male_masculine	valencià,La Vall d'Albaida		ca		valencià
e37d85b60af58cc03e9b36e09dee5e8308368f44f91b28455e7f645a13fe29902e7f7d594ccb600e02caf4202a05d15477d4ea5191c7b97038ea06d73ce93c33	./experiments/central20_53m_v01/cwattacks/adversarial_31331815.wav	08f67ffea4177f1835f35059a057699c6c60513bc03092190de9e4dc0f801963	Margaret havia assistit a l'escola de Winnetka amb la Liz Phair.		4	0	teens	male_masculine	Tortosí,nord-occidental		ca		valencià
892bf89bd3a008a7d982de0d278349e654c713efacf965e88e46a12398375cd8502711378e378c39c33b2f995f47799760c6e6e05948b93c0d2b9fd427854ffc	./experiments/central20_53m_v01/cwattacks/adversarial_38823856.wav	c438114cc9bb7fa705942d036b0dc2026c367cc9b48db597aff1a5fc4e51cfbe	El vint-i-tres de maig na Cel voldria anar a Gaianes.		3	0	fourties	male_masculine	valencià,La Vall d'Albaida		ca		valencià
e7847a5814b865bc043600fee7d810b9815da389278fdfdd412114ab8f87b1536f4b63f3f7c3d3eeb097486abc152043eefdae6fd12c2f8743dac1cb668ab136	./experiments/central20_53m_v01/cwattacks/adversarial_1740824.wav	522c89c54f9975558f6a6c747ef88f1f09ecd5368b00b410a33527a25a1eda19	Provar els programes que realitzen els proveïdors.		3	1	teens	male_masculine	valencià		ca		valencià
e37d85b60af58cc03e9b36e09dee5e8308368f44f91b28455e7f645a13fe29902e7f7d594ccb600e02caf4202a05d15477d4ea5191c7b97038ea06d73ce93c33	./experiments/central20_53m_v01/cwattacks/adversarial_3195174.wav	52c2c3341646b0f4cd9e4a3fb6ed47685a211a9e79911ec1bc719ea6fc3d5935	El vint-i-nou de febrer en Guerau irà d'excursió.		6	0	teens	male_masculine	Tortosí,nord-occidental		ca		valencià
c1bafe50eb70a1b65188fac549c6bbe7f641b672fbe9fd08cb64ed1f176efbedeca88f5c295d508e2dbf9b495fe0040bbbfbc4776af0d6cad6576a997db3e4cc	./experiments/central20_53m_v01/cwattacks/adversarial_22624395.wav	8e9c4458cb136aeff8efc7c45539483115aba3d736c44258a1c9999247443267	Igual que en una bassa s'han traslladat a la llera del riu.		2	0	thirties	male_masculine	valencià	Valencià meridional	ca		valencià
303e23fee8a156aa9e8951e4b219dd0895130a4fc4134db2b2e4dc3b1702328082cfcaf4f3213ebd28b14f66c80448c26cf4c242063f18a7c482de111fd0ec5b	./experiments/central20_53m_v01/cwattacks/adversarial_30757759.wav	7781e3312412337f054ffe85fe77800c037da9d8a6ca621d1ac7f33f489303d5	Fa temps que no funciona el servidor.		6	0	fifties	male_masculine	valencià		ca		valencià
dafd89491990553f5e22021f96344b3bc92be6a419c919ba78860876f226e51e668dbabcb11cf9500f3bd05582b387907ea007b5e8f37c78fb71ac819b9bc20e	./experiments/central20_53m_v01/cwattacks/adversarial_20131168.wav	1d6ab70651e1f6c337d196375d33d8287b5aac0f452891737acfb742e59c9853	És la setena ciutat de Pakistan.		3	0	twenties	male_masculine	valencià		ca		valencià
ce31dc5dfa61834e3ab67925ff5f24baf04b4aee6e35cd8ffa524f87b2e2e094999f85c68cc7a1c0e9b19016d050c1755406d02f7116ef85afa355c65a9a5855	./experiments/central20_53m_v01/cwattacks/adversarial_17589561.wav	c0fbd2761533aee6158f680c9abc97430decb602a2488280eb9383465b480af4	No porten un clavell, segons moda, al trau de l'americana —i ja els agradaria als festers posar-los-en un.		2	0	fifties	male_masculine	valencià		ca		valencià
892bf89bd3a008a7d982de0d278349e654c713efacf965e88e46a12398375cd8502711378e378c39c33b2f995f47799760c6e6e05948b93c0d2b9fd427854ffc	./experiments/central20_53m_v01/cwattacks/adversarial_30532981.wav	6578539fc6ba96563950645c0ac72c53924b6baa84030a9bb250749726a8a4cb	Les seves pintures tenen una qualitat lineal identificada amb els seus contemporanis umbris.		9	0	fourties	male_masculine	valencià,La Vall d'Albaida		ca		valencià
c777d3358a0aff067b64f254ac462fa223a1650af20ce2af341de610eebbb55a128a1dc43c91da7a1844848b5920b7dd5c5e0a1e8651d6442a2418709dad8c87	./experiments/central20_53m_v01/cwattacks/adversarial_25202386.wav	164aee37df5c8100c12ef5f6cef87f758a737e64d63d96926ba3b0aa5d37fce1	Sant Joan Evangelista es trobava a l'esquerra de la Santíssima Verge.		3	0	fourties	male_masculine	valencià		ca		valencià
892bf89bd3a008a7d982de0d278349e654c713efacf965e88e46a12398375cd8502711378e378c39c33b2f995f47799760c6e6e05948b93c0d2b9fd427854ffc	./experiments/central20_53m_v01/cwattacks/adversarial_38498337.wav	b3a77b112f46817f2371ce4f604fbe1dd09f2d7caa5871261928e5a37d2cad71	Molts d'aquests militants van ocupar càrrecs importants durant el primer govern col·legiat del Partit Nacional.		6	0	fourties	male_masculine	valencià,La Vall d'Albaida		ca		valencià
595d8759551d105915fd5579f0745dc5ac5081830e767eb7ae1227d57adf348b5eba17ca618717e97278c5441043f4e3b72c98b46c0e001d31ed70edcbf1551c	./experiments/central20_53m_v01/cwattacks/adversarial_30490381.wav	5709ce4086a673fc8be9ef7e5be6786f4020b42fdf4070d1624415756afe71ea	Quantes persones més ha citat a declarar la Guàrdia Civil?		6	0	fourties	male_masculine	valencià		ca		valencià
68c18489c8b7e0783b101448ed5069e433b5ce713473c22eef489e67e110f9ff999038dbf4b4f8685b05b5be860527de2d84fdc4c31d7f505f27860ca4f62552	./experiments/central20_53m_v01/cwattacks/adversarial_37967212.wav	9015ad61636fe0ee127f7fb0524b59d6fb171cac56c069150b0c52ff9828eac9	El guanyador va rebre un cotxe nou d'un concessionari local.		4	0	thirties	female_feminine	valencià		ca		valencià
75e8d8552569fa4f3301a0ce129fa75ce80af7ddfe0f65502545b64b0cd98fd9a1f1b98ebc82c9c564fd5431ccdcddd7d1a96a0d0441eb9f97020df1b11cfb51	./experiments/central20_53m_v01/cwattacks/adversarial_30809128.wav	89ac296b6aae72358472a9c363839c7760bf91fd7942f1521b890ed7d9f99ca2	Quan passa l'autobús per Prat de Comte?		8	0	fourties	female_feminine	Tortosí		ca		valencià
1fd67caeb7b78daa5fd6d5818a3e2fe166036c9edb29e965d0856d63378692850b159a9c48cdc01edd2ee2650c083fca766aba32e647f5d17ff55c94c3fdc881	./experiments/central20_53m_v01/cwattacks/adversarial_23930817.wav	c1b2c07e080d4e82b58bef74ae33e9682b12dbb3d48a58e3756365e86e61afc5	Tots tenen sortida a balcons exempts amb les llosanes motllurades, sostingudes per mènsules decorades.		2	0	fourties	male_masculine	central		ca		central
cc3b30ba0f733abfe64667838f620c4f542db4665fa68e4d945b75ac0d2c435e6529e6541c4ac8ca18dec753b10e3a5c4614cfbc658dc951ab6cab357e6ef363	./experiments/central20_53m_v01/cwattacks/adversarial_23767290.wav	b0115e381e9543898c54fd3bf72abbcb66c833b485f63cb739faffa74cc20bcb	La serralada és quasi una zona verge, sense carreteres i amb molt poca població.		3	0	twenties	male_masculine	central		ca		central
85c9e13ccfc0d67de10281b04257d8ac0c256d2f9415e54148fb59954c0d43f66d3cbea43ea6389f8407a8bda8b1b1becd30e41dfbb3dd9bebbe69816d096fa9	./experiments/central20_53m_v01/cwattacks/adversarial_22434199.wav	8685c661486aef2ac9979e49caa9bbc548d86c4a7f307ed51d3bf94c58cae198	Figures humanes i representacions abstractes també hi estan presents.		3	0	sixties	male_masculine	central		ca		central
9ba52f6f29daedb301834ab2a3055afbd507c0ed59ec96e69f706008b147c7c3d333c459ee90463db69401aa0d3b547f5060567d5bbc4cf93a6afd529391e36b	./experiments/central20_53m_v01/cwattacks/adversarial_17406458.wav	2acdc08b667dbb77430bc87f8021e764e5326e5d31558eb8bccc2f1bc140018e	Hòstia!		2	0	fourties	female_feminine	central		ca		central
7a13655524a97b4e576c367bc9171a6d6f00f0e332bbb02d68b2ed2612ecf105e2189173ff43363515995dc2805fa477f14d7a494114d972f1ecbdde3207b8ba	./experiments/central20_53m_v01/cwattacks/adversarial_31226591.wav	f9d08d36c05ba74f70f2dca333781db213036e4df39acf19db656818e9e6fcda	Ha estat introduït a la conca del riu Mekong.		6	0	sixties	male_masculine	central		ca		central
2e6ccdf9f0a7bf0df6fd0572bbb53f25378fc5333b352bc885b3a0d01e5dd672156cf697c127cc998ac546d122c547c421970a6f23dccb60bf2c841146fa6576	./experiments/central20_53m_v01/cwattacks/adversarial_29363248.wav	16864379c647ee750389b81adb7a00208eb18fa2595908a89234401dcc78bfb9	M'agradaria anar a Castelldans amb cotxe.		3	0	fourties	male_masculine	central		ca		central
4e31bcbffb4480f4a2d2e3d56aca7206b208b451a5775454004e52cdbe934c64da62badf3065708483fc37e9a16d88081cd1e56182188f9dc212ed347915ae04	./experiments/central20_53m_v01/cwattacks/adversarial_31530380.wav	258e5a4d96c24ed5b88bab0d3e2dc1788c40defb249887c70a7813518409a1de	Rosa Regàs i Pagès és una escriptora nascuda a Barcelona.		6	0	fifties	female_feminine	central		ca		central
be5728a65a99aeb29b5b5810cd4dedc1253269628efa69bc7092ef0ce54f0bc37322418e5abaea4f9c71d477b8c16b8f57d77e563155668086cea84761814ae4	./experiments/central20_53m_v01/cwattacks/adversarial_30945087.wav	bb205a7f421bc18ff85e603db30a4275f724bb4ad59b720c4f4d370b3e758cbb	La situació va provocar un debat nacional sobre la censura.		6	2	teens	male_masculine	central		ca		central
ed5c9e654bfb28e9d4131b3805597ee9fa14fe72c6e2a6d503ec2e47faf396bbfa15ce49e6fe83bd97da1d441138545d388a329ae888c1f1ea44fc62996d787f	./experiments/central20_53m_v01/cwattacks/adversarial_32221502.wav	a09eb466658745b4f47b98d5f8ea0b748249c263f2ab678fa37fa1359eabc0aa	Dimecres en Ferran i en Bernat volen anar a Santa Eugènia de Berga.		6	0	fifties	female_feminine	xipella		ca		central
91ccf0161e7f1eb6c7ac55bce0e11b358065f1dfdda0608c82d557fc9f5da4c8006f14cf22636b61779471fb66d619d374145f7414b710509b4d702a940cd567	./experiments/central20_53m_v01/cwattacks/adversarial_29441828.wav	1adc0e70011e41b45897868b37f0255aede18bed45d5f666c4ca602a6f4304ec	He d'anar al pla de Nicolás Salmerón a peu.		3	0	twenties	male_masculine	central		ca		central
bfe8d96ce71f9cce7bd16b5282041c66773405f1a11f4f0c8d3b6e81646f262bdac0cb3ee8f54e13175ba9ed7da38407e8a9aeff20972271f0c62c0b19f8b644	./experiments/central20_53m_v01/cwattacks/adversarial_37205640.wav	6ce41a3cc8b21a1d8715b4310cea1ff4928d58ec045239478cc1fb6040c03a6f	Tots ells van morir.		2	0	sixties	male_masculine	central		ca		central
88de10b6810aa36c43a70e0a26b2c7ca94f89da03bdc79868d631b9a53a7831f579f51f490c464cb30425896ae4b2406680e50e30d1b739718d35890d85a0bb7	./experiments/central20_53m_v01/cwattacks/adversarial_32472119.wav	fd368534d66cf9e15eba942d687e8bdb9fcc647dcce8db844442e320cbc8e4ec	Demà en Guim anirà al teatre.		6	0	fifties	male_masculine	central		ca		central
bfe8d96ce71f9cce7bd16b5282041c66773405f1a11f4f0c8d3b6e81646f262bdac0cb3ee8f54e13175ba9ed7da38407e8a9aeff20972271f0c62c0b19f8b644	./experiments/central20_53m_v01/cwattacks/adversarial_30522112.wav	63ab7ff24f227ddac1ed4b14b73d65c9923bdc00f68283cf915dbfaadd6f046d	Hi ha algun lampista als jardins d'Enric Sagnier?		2	0	sixties	male_masculine	central		ca		central
a4b8fa949865e0aa45147a27f0a034a26e34745d624dcf0603dd25fd1ce279eaf2d073a853d67e6432447d5e06708d71a9cddac0d2918876d2d3498af3ae0892	./experiments/central20_53m_v01/cwattacks/adversarial_31211758.wav	f797e3e307d2991f467b5746187cfa2d1fa7836a4e739cf73cc655f727057a06	Tingué el càrrec de cambrer reial i fruí de la protecció d'Alfons el Magnànim.		4	0	thirties	male_masculine	central		ca		central
46b5f0c516618bd87ed98992f07451d4148de5d476321d3b2a39189585b5e239592c6744f0832867cb4a9928cc0c91125f175fa40cf4880234fb8200fb9c8c22	./experiments/central20_53m_v01/cwattacks/adversarial_17647318.wav	266ddac30988f3062a0aee4425b0e5d604fcfad5923abee1fabbdb00d69d0131	Els vocals compliran les funcions que els hi siguin assignades en aquests Estatuts o per la Junta de Govern.		3	0	fourties	male_masculine	central		ca		central
c74226cdf693fffee591cf791634ccd32b7669f5bfa091c3b2a835e7ce0b5c60dd5670468caf78e14d82136dfc0480e30b7fc155863f6fd9cb714a47c82f0ab0	./experiments/central20_53m_v01/cwattacks/adversarial_32841679.wav	2a560e3c9b81f1c2dd59fb763ae0f8b0abae63082eccf9a64b23dfdb60451476	Diverses dones, amb els cabells recollits, vestides, davant dels miralls.		4	0	sixties	male_masculine	central		ca		central
ea8456e0667e1cce6273cb333b7e6982f9aa0f260c7c103e04eb0076a73fe3497070b1a8f0c45b097dc3100a30254095a1c63e9514367655e9a378344ed25d1d	./experiments/central20_53m_v01/cwattacks/adversarial_30712412.wav	3f37f6719bca3a063dc6d2b23a5acfe958fa5c85cfcf54fff4d5d9a0859bf686	Els gossos tenien assitiat el senglar.		4	2	thirties	female_feminine	central		ca		central
01f34eb599e6a54060fd9434a271a825e32b3e4197ca524494ca408bc7a8744f333dae818493ca1a3171e80657d29c559e9f287943676f93f544a34eeb924cb3	./experiments/central20_53m_v01/cwattacks/adversarial_23635797.wav	a5e36af471b0e33c8e92007241ba0db15295015c833e26b05c54d6c6e4f7fa93	El vol també va ser destacat per la seva reentrada dramàtica.		3	0	thirties	female_feminine	central		ca		central
056d7638d714a7dc1efe1c47d390d0659fbfdfc7df5249e8bfe10ba346cc76d5cda93fc8ecbeadffd4924c4f9cfb6b32c1739c8af1e2d58d7cec88b2cf18795f	./experiments/central20_53m_v01/cwattacks/adversarial_21859824.wav	6d382dff3e6cb32773bbd4e2abbfeff1d99f70414e905aa71eaeceb7185a48c4	A més va ser nomenat cavaller de l'Orde del Toisó d'Or.		2	0	fifties	female_feminine	central		ca		central
88de10b6810aa36c43a70e0a26b2c7ca94f89da03bdc79868d631b9a53a7831f579f51f490c464cb30425896ae4b2406680e50e30d1b739718d35890d85a0bb7	./experiments/central20_53m_v01/cwattacks/adversarial_34118361.wav	34aa4b16bc7cd554722e82b02d845065431a1b635b5ee9d6505837e81ddb5164	Canya tallada en punxa utilitzada en l'antiguitat per a escriure amb tinta.		4	0	fifties	male_masculine	central		ca		central
49a7654071536ed5882b8b6e6d2e3558ef796ecd8aab8ceaa24ad8bc9f3420b528ef1413696584c11facd6d5bccd37fe8e274b8c3d139dc251ffb11c3a503aaa	./experiments/central20_53m_v01/cwattacks/adversarial_21904828.wav	70d7304a75d9426163b5e8f102811a24adc76068054b9874ff305190fe87c7c1	Igualment, ha impartit cursos de doctorat i de postgrau en diverses universitats.		3	0	fifties	male_masculine	central		ca		central
b1a0cbb91459433ff6de32b189783a734c2ada4c04d7dd164de449ce79c749d382aff10aa9ed7b4449af3390da51585123ef88719ecf7cfea9c24223023a23dd	./experiments/central20_53m_v01/cwattacks/adversarial_23765945.wav	b02318cc0459ca9422b4ff5e31720487a6780bf0763ae777f686e3f712451ec3	Després de jugar dues fases d'ascens a primera divisió el club entrà en crisi.		2	0	fifties	male_masculine	central		ca		central
b1a0cbb91459433ff6de32b189783a734c2ada4c04d7dd164de449ce79c749d382aff10aa9ed7b4449af3390da51585123ef88719ecf7cfea9c24223023a23dd	./experiments/central20_53m_v01/cwattacks/adversarial_28553187.wav	58f7bdb2a8bac24b06f1c6fcd14f6526da5587043a84c7d9ecf179c2255df447	Malgrat les deficiències de la seva aplicació, l'atac aleatori va ser altament efectiu.		3	0	fifties	male_masculine	central		ca		central
7b509d172a9a89a46ac05e8ac34c63dfb02acb105907a85992ad2ba9a204c500c7aae6cdfa4f2a005630ac4cee0d74e96b9b896e9533d269259ea0c21310fd0b	./experiments/central20_53m_v01/cwattacks/adversarial_30790446.wav	83b975844633d04eb20d00fdbbaa8fdc5c8afeabc437b33c46e77431f9fe7160	Què vols, mar o muntanya?		6	0	fourties	female_feminine	central		ca		central
1fd67caeb7b78daa5fd6d5818a3e2fe166036c9edb29e965d0856d63378692850b159a9c48cdc01edd2ee2650c083fca766aba32e647f5d17ff55c94c3fdc881	./experiments/central20_53m_v01/cwattacks/adversarial_23930826.wav	c1ab8007f6653ec78d3c95be279314e829a312a25d049ab70c7b116ce671c7c9	És un mineral autigènic en ciment en pedra arenisca.		2	0	fourties	male_masculine	central		ca		central
eb064ef721683e01f9ab7642cd139133219a9069524e2a5917064d0841119bb944c736698ab86e73ccb069ef40e49d98e00a51ef673e580784367022a5ad5c2a	./experiments/central20_53m_v01/cwattacks/adversarial_35777167.wav	4d82eb04fd54a93d8788aa6b36a1ee453f4808709e80540e35e6c04681bc117f	Pau Furriol i Fornells és un polític nascut a Barcelona.		4	0			central		ca		central
02f7d61edf5063ca42953b1068539f1572985aa9448555cfd8d7667121eeedc72c912d95cf33abf61a1f9620f2a01be4251a53aa5440d15849003fb31210d830	./experiments/central20_53m_v01/cwattacks/adversarial_28916296.wav	03b5f2b044d4c489279721915ce1b28c06910e366d7842699d392c30c7e33cca	Els símptomes eren els d'un trastorn de claustrofòbia amb atacs de pànic.		3	0	sixties	male_masculine	central		ca		central
4fd642c5fddebfb4fd4a664a5f015917d30487ff303aae1db74000f038d1062eb1006e6ea711e6847f5152eb288d9282b5fd0a8efc2f797f42dee3b4dd3ab364	./experiments/central20_53m_v01/cwattacks/adversarial_31255852.wav	fe7451019c471fe978fb539d351ad2097b3a0f8f0ccf20a0f77534169cfbffa1	L'oficina de turisme es troba al costat de l'aparcament principal.		12	0	twenties	female_feminine	central		ca		central
ba40099870e04343c279280228c1c0050255795347d50f6d1fcd4efae1a166ec02daf2249c0d280774fab29fd24aca6891bcf00f32c29306d9e75eef1e7d492b	./experiments/central20_53m_v01/cwattacks/adversarial_31111252.wav	ecfd5790675ca4a696c0ebc99446ad51d163e4059760571015a2ead218f86f2c	Aquest exemple específic usa només una taula.		4	0	seventies	female_feminine	central		ca		central
bd95ffab930242f2621b9563840e428b4dc7ec694ac10cff2df3336bcb254bb8e9a29b7cddeeb4424c0675d86e9b5d6520ea4a5889e90b5d73ae3efc75e00862	./experiments/central20_53m_v01/cwattacks/adversarial_31464912.wav	1eb263486de762b0462b9c3be97b838e59453301b91fe50d3640cc8a83f932b8	No és tot massa meravellós?		3	0	twenties	male_masculine	central,gironí,comarca de la Selva		ca		central
056d7638d714a7dc1efe1c47d390d0659fbfdfc7df5249e8bfe10ba346cc76d5cda93fc8ecbeadffd4924c4f9cfb6b32c1739c8af1e2d58d7cec88b2cf18795f	./experiments/central20_53m_v01/cwattacks/adversarial_21283498.wav	46e64f666defaf5d21e4c83e45580e4bb43e80c497371f82de89d98162d4d44d	L'ordenació que s'estableix té en compte l'experiència i l'avaluació de la pràctica educativa d'aquesta etapa.		3	1	fifties	female_feminine	central		ca		central
b1a0cbb91459433ff6de32b189783a734c2ada4c04d7dd164de449ce79c749d382aff10aa9ed7b4449af3390da51585123ef88719ecf7cfea9c24223023a23dd	./experiments/central20_53m_v01/cwattacks/adversarial_3094587.wav	bbf34e0909c17691cfc27af5c72f72ac5496c7c4e9d42d5771d1dc9dd491d2a4	Tot i això, va perdre en les eleccions primàries davant de George G. Sadowski.		2	0	fifties	male_masculine	central		ca		central
c3f1018eb1f7b5e5c0210deab309d06d3e8e9e15ec7dd41d2dbcf863c39e36955b2034fe44af5a4983285b8fc6c0d92b092f95383f8989c1d75a40a4bcdd3d83	./experiments/central20_53m_v01/cwattacks/adversarial_23598747.wav	a3fdd1f6b72ae62773a79baddaa346176bfde4b2fbdd7ba03b59c925efcb2803	Himeni: es troba recobrint tota la superfície del bolet.		2	0	fifties	male_masculine	central		ca		central
f5143c99be3f89df9a15fd4d247dd63a7db7678de8ff32c20859d30eed92b8b12dd96cb1d70a8462d1e58b56d608de186935c0b77be80ec5921c9754096111d1	./experiments/central20_53m_v01/cwattacks/adversarial_31831225.wav	2fbbc5f979f7563ada6e5e2283706b53321cb6faf9fd7e058d56623dfb104762	Ni m'hi aturo.		4	0	sixties	male_masculine	central		ca		central
b1a0cbb91459433ff6de32b189783a734c2ada4c04d7dd164de449ce79c749d382aff10aa9ed7b4449af3390da51585123ef88719ecf7cfea9c24223023a23dd	./experiments/central20_53m_v01/cwattacks/adversarial_24909388.wav	05fb2849d3b570d8511fda8f0d640dfedca4d67dd2d36ddafde09e45a40fd3fe	Soc l'ocell cantaire i el cuc.		3	0	fifties	male_masculine	central		ca		central
4c2fd0492e21b6d32a30a1c688554fca1aac1a6e4a69d99e36768d4755cd46c8a0a3075f85fcf1973cb02b732a3c2448323b9da3625e2ddb14a6d5139db996a8	./experiments/central20_53m_v01/cwattacks/adversarial_38355855.wav	ac11027a24d730f76f2e855146ad6acf7dc5c67b1f58f4fba2511c9fe0e119c1	I definim el producte i la seva implementació concreta.		4	0	sixties	male_masculine	central		ca		central
76383f56d9979837d4b3348f9f28877dd1ba58c1bd0ea839bdabf021428c2edfba46ff25558004c5183a73575eb126d4e0746a40e22ab15154d5d6f238a48ca5	./experiments/central20_53m_v01/cwattacks/adversarial_31118016.wav	edf227dd0d90a229acfff3615e5d726c86e6834855a711af5b1b2ea5bf06e276	Quant dura el viatge en autobús fins a Camós?		3	0	sixties	female_feminine	central		ca		central
0ff19536d6147f61b24d50c0c993a7a687df4d253c2052e4fa30b1624c87e60075649d888f51ce71318fb8789cb378879091aba020256d66ac19f024833c3e63	./experiments/central20_53m_v01/cwattacks/adversarial_31257245.wav	fe908f115705eb6557dedcafd4d57765d8733d49d0c067b27b47c5745134cb25	Destaquen, sobretot, els portals d'accés de carreus de pedra.		6	2	sixties	female_feminine	Català central	Central	ca		central
01067663db08dbdd404245317a8caf0a077a62ae3cf1e836c8f17cc93efe9a13a9c96fce7f955a3082a983fcdefa761a5644330a212a3618330c1442c90f59cd	./experiments/central20_53m_v01/cwattacks/adversarial_32485926.wav	005ad53789c743e03f7c001988f791cd8b46fb6729aaded34106726bd7401988	Per Cap d'Any na Gina va a Montferri.		4	0	twenties	female_feminine	central		ca		central
bfe8d96ce71f9cce7bd16b5282041c66773405f1a11f4f0c8d3b6e81646f262bdac0cb3ee8f54e13175ba9ed7da38407e8a9aeff20972271f0c62c0b19f8b644	./experiments/central20_53m_v01/cwattacks/adversarial_37534951.wav	a7c6a56adaaed415c8503a03484eb27c86b2dc2cb42c9f81c8884fa7287cfe07	Aclarir-se la veu.		2	0	sixties	male_masculine	central		ca		central
148eed41cdbca7b76cd95774b42c8c1a2b811e7d6fb76907ff6440bb9ec68b5eeb5fcf616bf4d5830883d0733f0e069334a726652fd7008bbead153603e77a5e	./experiments/central20_53m_v01/cwattacks/adversarial_30494575.wav	597c05933b0edf4bcfb762dd77046c535f177a06e09fabb85c281d872c4bc003	Apunta el sis, trenta-cinc, noranta-u, noranta-cinc, cinquanta-set com a telèfon de la Mireia Toapanta.		3	0	fourties	female_feminine	central		ca		central
85c9e13ccfc0d67de10281b04257d8ac0c256d2f9415e54148fb59954c0d43f66d3cbea43ea6389f8407a8bda8b1b1becd30e41dfbb3dd9bebbe69816d096fa9	./experiments/central20_53m_v01/cwattacks/adversarial_22478376.wav	8bb2501c2f1d79dbe8b5fbc3011680466e5ad4efe6d0f5f6f80e20acb9477627	Aquest centre seria conegut com a Colònia de York.		2	1	sixties	male_masculine	central		ca		central
46db6e5b6a41823e1ccf605fc25e66b67af7a990a3cb35c5a44ecec2f8b86eff5f3338f8b533b9fed886204ca4a5ae6c443940c6dbe3d4ed21d7abf7f99c4c1c	./experiments/central20_53m_v01/cwattacks/adversarial_31157901.wav	35537c92e026dc7cdd5af0ad96aa6ef1f018116fd122efb1aa12a65a559a92b2	Manuel Carrasco i Formiguera va ser un polític nascut a Barcelona.		6	0	sixties	male_masculine	central		ca		central
78ec814c3a17086bfbff13323ae5d1d38a57f64e0d157b5b4fa7017bf4ecff7749985ef359c1d397f59c193f7d7f2f5f39454d128cd055bcb50480ef80819139	./experiments/central20_53m_v01/cwattacks/adversarial_32697604.wav	238fbd5bf98516b7cdd04d67fd8d62bcdcc62e814507a378523d4dd815236ebe	El deu d'agost na Noa i na Carla aniran al teatre.		6	0	seventies	female_feminine	central		ca		central
76383f56d9979837d4b3348f9f28877dd1ba58c1bd0ea839bdabf021428c2edfba46ff25558004c5183a73575eb126d4e0746a40e22ab15154d5d6f238a48ca5	./experiments/central20_53m_v01/cwattacks/adversarial_31188874.wav	f4afeb44de435563a1c9b5e7ed141f37b3b686b21892af21ab3b13b88793990b	Generalment es bevia cervesa o hidromel, però els nobles també bevien vi importat.		3	0	sixties	female_feminine	central		ca		central
85c9e13ccfc0d67de10281b04257d8ac0c256d2f9415e54148fb59954c0d43f66d3cbea43ea6389f8407a8bda8b1b1becd30e41dfbb3dd9bebbe69816d096fa9	./experiments/central20_53m_v01/cwattacks/adversarial_38055812.wav	962ea915b2c02d033f71b61476f999d21c6a89fbbc5dba391c99aacc4afa3d00	Al comtat hi ha la seu de l'arquebisbe de Canterbury i del bisbe de Rochester.		3	0	sixties	male_masculine	central		ca		central
eb5078bcb64f9595d6d8589ad60502b2870f16942fbb4cbd2483c817c7fa460faeda90b82bcf531ac96be8c1d6825953ab85ab0bd46ea477615e71e50386ffe0	./experiments/central20_53m_v01/cwattacks/adversarial_32603106.wav	1eb3f3e185d3e1cb9440ab7a8c0992f4ba93f42f794914c7a523cf04379134c3	Demà en Josep i en Pau aniran a Viladecans.		6	0	fifties	female_feminine	central		ca		central
d6bc663a421f039ef63a6d4eab9a77a9a2c6f37c6d56d63725ce169871e6ecf30edeea92bf060002695de5ce8a03e643de5a0db57c9a4ade35b483f48c16bbb8	./experiments/central20_53m_v01/cwattacks/adversarial_31326269.wav	07f1c607951a8c9b1ac8158b7868cbea34e29ae30b148ae92c236cd333331446	També fou autor dels brolladors d'aigua de l'avinguda de la Reina Maria Cristina.		4	0	fifties	female_feminine	central		ca		central
53e38edd901a9f8426ada8382a10e670a0605ed1f2542293cd0b1fbe55c14d6da5833fa86201ce2f63983c1b6c570dbebd31d35f466de4a2b9abb9a6283461fa	./experiments/central20_53m_v01/cwattacks/adversarial_31859767.wav	39b2434ca49e0576022bae888af092e10158cfc934da3de242a6961b9209360c	Dijous en Joel vol anar al teatre.		9	0	fifties	male_masculine	central,balear		ca		central
bfe8d96ce71f9cce7bd16b5282041c66773405f1a11f4f0c8d3b6e81646f262bdac0cb3ee8f54e13175ba9ed7da38407e8a9aeff20972271f0c62c0b19f8b644	./experiments/central20_53m_v01/cwattacks/adversarial_218878.wav	6f5439d284e43f60eea6355b585a0417a646704befd33c7d306547d24f29bf66	Qualsevol pot unir-se a aquests fòrums i publicar preguntes i respostes.		3	0	sixties	male_masculine	central		ca		central
3723bd65a05afc7411c2bfca904742062b7b0c081ba126e68c65d28eaa6122f69196f4959fc1795fe03f8e49ec7364863911f9b659684a06b3a126c6f1729551	./experiments/central20_53m_v01/cwattacks/adversarial_19333529.wav	8a9d052088d1b67bdc4f71ef88746b44abeaffb72d07c92a9ced3f9ad8f75f7c	Els aspirants que justifiquin, amb els corresponents títols oficials, que tenen el nivell exigit de català.		3	0	sixties	male_masculine	septentrional		ca		nord
f9186ced8da85ab773348bc71b1a08ef2573b17f49faf14083c7f6f30ef676b661374a4fb81f70d7230486a6cb9a4e3a70543ef33fbcdbb6b0fed2715e1b17dd	./experiments/central20_53m_v01/cwattacks/adversarial_17492478.wav	4674841239c523663c62b90311517e1b468feb5db1ef586c935ac457e61fc539	També es pot seleccionar l'entorn d'escriptori desitjat des dels menús d'arrencada dels CD o DVD.		2	0	seventies	male_masculine	septentrional		ca		nord
ab859fda475c2371f87fb5b38aea7f10f40c55c0f878fc7b03f1ecadd62f780df1d28b803d464ba449b990a362b59824e7fe4b0190be874fe60b12fa785f5643	./experiments/central20_53m_v01/cwattacks/adversarial_32301681.wav	c1d7d95a412f24d79634f5b3d691b04a7bc4b1e11a179444f8b076323946d538	El vint-i-tres de maig n'Hug i en Quixot volen anar al metge.		6	0	fifties	male_masculine	septentrional		ca		nord
444f0f5422d6d8df65a071c2737181a0110368ac69baff0b6e879d5b24c6893399d79e81817299d2ab941cc5c6fa0ce0b39852ddf355f8c3546adf054a739c97	./experiments/central20_53m_v01/cwattacks/adversarial_33670020.wav	2ce31d15affffa1ca5c94843ccc7854b40f9c1ff079903b02dc6705eb5480e4a	És el vuitè dels dotze fills de Jacob i patriarca de la tribu d'Aser.		2	0			septentrional		ca		nord
46f14091d04ccc9ef74d0d814c7a5902c67b5b88729b5c5d621d02a8d260822fb988b6520c5df4913daae67757a0b6331f69b52f935ab162efc58baf056a02e6	./experiments/central20_53m_v01/cwattacks/adversarial_31295944.wav	03ace48891ff8c2a32c440eae2d167d0d4f69a51f4d0b3cdb2b131d8ae4cfc38	Molons el va provar en un circuit de karts prop de Pedralbes.		4	0	twenties	female_feminine	septentrional		ca		nord
444f0f5422d6d8df65a071c2737181a0110368ac69baff0b6e879d5b24c6893399d79e81817299d2ab941cc5c6fa0ce0b39852ddf355f8c3546adf054a739c97	./experiments/central20_53m_v01/cwattacks/adversarial_36438294.wav	532a1f5d443c930de76139f98253362b7ac730ac551f04782c928f76f74d1589	Podem concloure, que les regles bàsiques són molt similars a les del voleibol convencional.		2	0			septentrional		ca		nord
3723bd65a05afc7411c2bfca904742062b7b0c081ba126e68c65d28eaa6122f69196f4959fc1795fe03f8e49ec7364863911f9b659684a06b3a126c6f1729551	./experiments/central20_53m_v01/cwattacks/adversarial_19074780.wav	ae1a0bb4b7ac004581f86c4bf5a419d102126019b703627730087c38c95190ea	Els països de la Unió Europea poden millorar la seua situació exportant fora d'Europa.		3	0	sixties	male_masculine	septentrional		ca		nord
31e6f3a011661320b2e59b6f8be43f6db2243e9feabc2b9787c1413788e13eb0e5810bed983bf7ff66e46417d183a91ed50b3b9be9d89e4f51aada72293b9881	./experiments/central20_53m_v01/cwattacks/adversarial_32253550.wav	ad85db08c795e6be6f4b7cab25556a63860d4fe0a834e3f87a99daf7e2b935e1	Doncs ja et vindré a veure la setmana que ve amb l'anònim.		6	0	sixties	female_feminine	septentrional		ca		nord
8d696eed43c55020f1b591ce0e6f9548fa4e4c558290587f9eb8209fd580dfb48aad892e442678528bf76ce1874e9e29ca51b795fbf6080060cf086fc5e93457	./experiments/central20_53m_v01/cwattacks/adversarial_32310521.wav	c4cbce22031d4abde7d43b7dde8a55e409cbf4394fe8eb0e1e0f4d0f962a7c62	El vint-i-tres de maig en Gil i na Júlia volen anar al teatre.		4	0			nord-oriental		ca		nord
31e6f3a011661320b2e59b6f8be43f6db2243e9feabc2b9787c1413788e13eb0e5810bed983bf7ff66e46417d183a91ed50b3b9be9d89e4f51aada72293b9881	./experiments/central20_53m_v01/cwattacks/adversarial_31435522.wav	1ab343e19fd37a3c9970750be6c76729e0ba254701d56255d345fe9736cf62b3	Va obtenir un màster en Economia a la Universitat Estatal d'Ohio.		2	0	sixties	female_feminine	septentrional		ca		nord
ab859fda475c2371f87fb5b38aea7f10f40c55c0f878fc7b03f1ecadd62f780df1d28b803d464ba449b990a362b59824e7fe4b0190be874fe60b12fa785f5643	./experiments/central20_53m_v01/cwattacks/adversarial_32198816.wav	97b1e1b2a18e2d03a5a955b82c3c68f6f6da438928c0fd9fe395ab00e6c32107	Demà passat n'Hug anirà a Vilanova de Prades.		4	0	fifties	male_masculine	septentrional		ca		nord
444f0f5422d6d8df65a071c2737181a0110368ac69baff0b6e879d5b24c6893399d79e81817299d2ab941cc5c6fa0ce0b39852ddf355f8c3546adf054a739c97	./experiments/central20_53m_v01/cwattacks/adversarial_33521367.wav	2313f8b8da9af0aa332527282c9cfaadf52109d2f98243f128b058d4daf932ff	Hi ha samarretes amb talles d’home i amb talles de dona.		3	0			septentrional		ca		nord
31e6f3a011661320b2e59b6f8be43f6db2243e9feabc2b9787c1413788e13eb0e5810bed983bf7ff66e46417d183a91ed50b3b9be9d89e4f51aada72293b9881	./experiments/central20_53m_v01/cwattacks/adversarial_32204166.wav	9a0a1724e00690879dc0cdd6118a1b892f4ef5a0b86d96fa8c7fa56eea1b247b	El drac es va rellepar just abans d'anar per feina.		8	0	sixties	female_feminine	septentrional		ca		nord
31e6f3a011661320b2e59b6f8be43f6db2243e9feabc2b9787c1413788e13eb0e5810bed983bf7ff66e46417d183a91ed50b3b9be9d89e4f51aada72293b9881	./experiments/central20_53m_v01/cwattacks/adversarial_312125.wav	f78ad6b88fa3dc097a15b6f0d4686ddbc2368dbd546df586e38852b6c242821f	En Richard va parlar amb la seva alegria habitual.		6	0	sixties	female_feminine	septentrional		ca		nord
3723bd65a05afc7411c2bfca904742062b7b0c081ba126e68c65d28eaa6122f69196f4959fc1795fe03f8e49ec7364863911f9b659684a06b3a126c6f1729551	./experiments/central20_53m_v01/cwattacks/adversarial_19274266.wav	6c109a120f089a083c0887374b6b093e0dd8353a2aa55890cd486a1785a6574e	Anem a Aranyel.		2	0	sixties	male_masculine	septentrional		ca		nord
31e6f3a011661320b2e59b6f8be43f6db2243e9feabc2b9787c1413788e13eb0e5810bed983bf7ff66e46417d183a91ed50b3b9be9d89e4f51aada72293b9881	./experiments/central20_53m_v01/cwattacks/adversarial_31435627.wav	1a887b737b9369bd9dedbf2bc742c28d3c8239c905f716225b0e0d140b7b6f5a	Però encara hi havia una cosa més sorprenent que aquesta semblança.		4	0	sixties	female_feminine	septentrional		ca		nord
31e6f3a011661320b2e59b6f8be43f6db2243e9feabc2b9787c1413788e13eb0e5810bed983bf7ff66e46417d183a91ed50b3b9be9d89e4f51aada72293b9881	./experiments/central20_53m_v01/cwattacks/adversarial_31375748.wav	10c1c14faba95226fa87796ba0ada931e46a5deb84e8e471ae3b75f612574356	Moltes petites empreses tenen dificultats per entrar en el mercat i continuar sent competitives.		2	0	sixties	female_feminine	septentrional		ca		nord
31e6f3a011661320b2e59b6f8be43f6db2243e9feabc2b9787c1413788e13eb0e5810bed983bf7ff66e46417d183a91ed50b3b9be9d89e4f51aada72293b9881	./experiments/central20_53m_v01/cwattacks/adversarial_31194828.wav	f568e42da3984590002e33cac636d564d80da6782909ae8a188e01635217668b	Els sistemes d'instrumentació de maquinari tradicionals són predefinits.		6	0	sixties	female_feminine	septentrional		ca		nord
8ebfa7fb8906786379e079e2e63e879713158d6f08d2c1b8e8744f097d782db703138e93c3da54b8f8ba476acdfc4610d752dd9ade7602c7cf6b94d1833b01df	./experiments/central20_53m_v01/cwattacks/adversarial_33435009.wav	f95b9f1a876070f76a39597069d6a5bf16f7e8d842810fc4e467c8fa266e2cfc	El primer és que no cal demostrar res.		6	0	fifties	male_masculine	septentrional		ca		nord
53c1de36fe545c03a2a08c52ee4429356214aa932b803e8a056aaead64c5dd1cfb7bf9a0d5b393dbd288240b9245e794cb7aa60d64427889ca15d9df827eafb1	./experiments/central20_53m_v01/cwattacks/adversarial_30884859.wav	a400390c1c4cd5492352e8b0cba107c5100ae30921f3c190296c6ac4ef4618c1	Com s'adapten les varietats triploides polinèsies a les condicions dels atols?		6	2	twenties	male_masculine	septentrional		ca		nord
3723bd65a05afc7411c2bfca904742062b7b0c081ba126e68c65d28eaa6122f69196f4959fc1795fe03f8e49ec7364863911f9b659684a06b3a126c6f1729551	./experiments/central20_53m_v01/cwattacks/adversarial_19412566.wav	0304d5d5d6ecc0871ac4da8bd60b31b53dc964547d0c0f39bc8bc305c3527faf	Aquests fanals van restar fins a la Guerra Civil.		3	0	sixties	male_masculine	septentrional		ca		nord
31e6f3a011661320b2e59b6f8be43f6db2243e9feabc2b9787c1413788e13eb0e5810bed983bf7ff66e46417d183a91ed50b3b9be9d89e4f51aada72293b9881	./experiments/central20_53m_v01/cwattacks/adversarial_32219852.wav	a13d83ecef72af0496b67de5eb33ba470ce08332eacd86478a940de07ff3383d	El crida qui et vol fer aturar.		4	0	sixties	female_feminine	septentrional		ca		nord
32e924cad766e548f527602e2ee436b05a7c234a0887f2dc10b0236f4373ee20ce02ff66083b03330f72f7d6396a19abad0de40d4210fe4f2b37057a1541cd73	./experiments/central20_53m_v01/cwattacks/adversarial_32677051.wav	22dc36048e02fa1702ee597242d4f694d9c147138545570785dc0afd98f7cb42	Dissabte na Bet vol anar a la biblioteca.		4	0	sixties	male_masculine	septentrional		ca		nord
31e6f3a011661320b2e59b6f8be43f6db2243e9feabc2b9787c1413788e13eb0e5810bed983bf7ff66e46417d183a91ed50b3b9be9d89e4f51aada72293b9881	./experiments/central20_53m_v01/cwattacks/adversarial_30908306.wav	ad25742466b3965e7df4c5fafe2120fe1f5132b1b9a0430a8f91f25ce53c8585	He d'anar del carrer de Carme Karr al carrer de Pontils.		8	0			septentrional		ca		nord
31e6f3a011661320b2e59b6f8be43f6db2243e9feabc2b9787c1413788e13eb0e5810bed983bf7ff66e46417d183a91ed50b3b9be9d89e4f51aada72293b9881	./experiments/central20_53m_v01/cwattacks/adversarial_3147064.wav	1fafe5e5dfa5f5e78e8972065911b50bf53c1d6750fa5634ab48ba6dd7f01155	És una masia de finals del set-cents, amb una galeria porticada.		4	0	sixties	female_feminine	septentrional		ca		nord
3723bd65a05afc7411c2bfca904742062b7b0c081ba126e68c65d28eaa6122f69196f4959fc1795fe03f8e49ec7364863911f9b659684a06b3a126c6f1729551	./experiments/central20_53m_v01/cwattacks/adversarial_1939916.wav	0230eed621bc28bdfdf311fed07bf359c1589bbc0a54b3da62ea3b288c9cdfa7	Sense cap estudi, va tenir oficis diversos, fins que finalment s'establí com a fuster ebenista.		2	0	sixties	male_masculine	septentrional		ca		nord
8d696eed43c55020f1b591ce0e6f9548fa4e4c558290587f9eb8209fd580dfb48aad892e442678528bf76ce1874e9e29ca51b795fbf6080060cf086fc5e93457	./experiments/central20_53m_v01/cwattacks/adversarial_32369689.wav	d8627a9ab71d4ed2ee819b4845fd83c7feaf84c77ecf927c6c882220307104be	Dijous en Manel i na Mira aniran al Fondó de les Neus.		6	0			nord-oriental		ca		nord
444f0f5422d6d8df65a071c2737181a0110368ac69baff0b6e879d5b24c6893399d79e81817299d2ab941cc5c6fa0ce0b39852ddf355f8c3546adf054a739c97	./experiments/central20_53m_v01/cwattacks/adversarial_35064252.wav	4129cfce84dc454a6ab29600869057c877e49f671e5dbec01316ee60000fa922	Actualment és la llar de l'equip de l'Associació Escocesa de Futbol Juvenil Cumbernauld United.		3	0			septentrional		ca		nord
107839c0a57701a2cb8b87344d30ac8f93828c76afde5d281264928a93715f923e4ec713b727979c85c6f6f4024eff43a326b31723e343c6cb5ce2055b8351b5	./experiments/central20_53m_v01/cwattacks/adversarial_31010012.wav	d31b1f7700fb48b0a1ebde594324a1ba2681483394deca805ab912d908a9d012	Quant dura el trajecte en autobús fins a Marratxí?		6	0	fourties	female_feminine	septentrional		ca		nord
31e6f3a011661320b2e59b6f8be43f6db2243e9feabc2b9787c1413788e13eb0e5810bed983bf7ff66e46417d183a91ed50b3b9be9d89e4f51aada72293b9881	./experiments/central20_53m_v01/cwattacks/adversarial_31389077.wav	13381f0c897beb8006c37090892a8f8318455d1a6f4766f4d773cd0703c2f401	Un cop retirat fou entrenador.		4	0	sixties	female_feminine	septentrional		ca		nord
444f0f5422d6d8df65a071c2737181a0110368ac69baff0b6e879d5b24c6893399d79e81817299d2ab941cc5c6fa0ce0b39852ddf355f8c3546adf054a739c97	./experiments/central20_53m_v01/cwattacks/adversarial_36508059.wav	55240c648f3aba0091bfa5ac20ea16c2274c82c0c0f26b5fe9166b02c05d87bf	I les vaig anar fotografiant.		2	0			septentrional		ca		nord
490e2caf11c64b7931abf75bcdadb334e8b4a7d55b263326c6bdd8f4c8a450161db6a799d44c62505374c2ebe3e29a0a7a2b757eb8b12181f9401e8b390d96c6	./experiments/central20_53m_v01/cwattacks/adversarial_30870000.wav	9e603652f068956f64b5fada87aa66bb45f826bc45f4421229f6f500e33a69db	Hauria d'anar a la via Laietana número vuitanta-cinc.		4	0			septentrional		ca		nord
31e6f3a011661320b2e59b6f8be43f6db2243e9feabc2b9787c1413788e13eb0e5810bed983bf7ff66e46417d183a91ed50b3b9be9d89e4f51aada72293b9881	./experiments/central20_53m_v01/cwattacks/adversarial_3096659.wav	c4845f82a12c7114ac2ac14248b4b44b84a5e73a104ff64f717235f210014a3e	Es va lligar els cordons de les sabates amb un llaç.		4	2			septentrional		ca		nord
b8e36549b339f8d7a0beb29824976c3c1bcc764bd0e8155ebe1e0ea0fa17f2137cf0c3e6d3de47a4ef9b62c34ceaee3660cab406eebfa8b910cde4e73c44e687	./experiments/central20_53m_v01/cwattacks/adversarial_27554088.wav	413964aa073c5b611a95f4c131a340788fdbca2f9d83c522cd18b22620fb6d7d	El Servei Postal dels Estats Units ha estat el soci filatèlic més prolífic de Canada Post.		3	0	twenties	male_masculine	septentrional		ca		nord
3723bd65a05afc7411c2bfca904742062b7b0c081ba126e68c65d28eaa6122f69196f4959fc1795fe03f8e49ec7364863911f9b659684a06b3a126c6f1729551	./experiments/central20_53m_v01/cwattacks/adversarial_19451055.wav	0627f43e9caa31cd2a61328b7980cbbd3af7adf3968239fb34b0a3d624b66af2	Aquests folíols són llisos de color verd llustrós, brillant.		2	0	sixties	male_masculine	septentrional		ca		nord
3723bd65a05afc7411c2bfca904742062b7b0c081ba126e68c65d28eaa6122f69196f4959fc1795fe03f8e49ec7364863911f9b659684a06b3a126c6f1729551	./experiments/central20_53m_v01/cwattacks/adversarial_19449208.wav	060a72b1af8937fc1429ab142594187a2fcc3fcc39c0fd33a98567e164cece53	Al mateix temps, va observar que encara hi havia diferències fonamentals entre les parts.		3	0	sixties	male_masculine	septentrional		ca		nord
31e6f3a011661320b2e59b6f8be43f6db2243e9feabc2b9787c1413788e13eb0e5810bed983bf7ff66e46417d183a91ed50b3b9be9d89e4f51aada72293b9881	./experiments/central20_53m_v01/cwattacks/adversarial_31375764.wav	10763bbadd2d420bf2f4b0618158ff243d51cfe718d5a18830bec80cd656e23a	El pou conserva els dos pilars que sostenien la biga utilitzada per penjar la corriola.		4	0	sixties	female_feminine	septentrional		ca		nord
31e6f3a011661320b2e59b6f8be43f6db2243e9feabc2b9787c1413788e13eb0e5810bed983bf7ff66e46417d183a91ed50b3b9be9d89e4f51aada72293b9881	./experiments/central20_53m_v01/cwattacks/adversarial_31455962.wav	1cf420e2623d630523e20638d8dbdcf0043902e4372343cde49d9623f348bc66	Era el primer secretari financer que no era un funcionari.		4	0	sixties	female_feminine	septentrional		ca		nord
31e6f3a011661320b2e59b6f8be43f6db2243e9feabc2b9787c1413788e13eb0e5810bed983bf7ff66e46417d183a91ed50b3b9be9d89e4f51aada72293b9881	./experiments/central20_53m_v01/cwattacks/adversarial_32280242.wav	b84246f8d3a54e464458cb362a3a1c7bc67f6e0f6acea66ca432a41fcfc7df70	El vint-i-tres de maig en Roc i en Manel aniran a Parlavà.		6	0	sixties	female_feminine	septentrional		ca		nord
3723bd65a05afc7411c2bfca904742062b7b0c081ba126e68c65d28eaa6122f69196f4959fc1795fe03f8e49ec7364863911f9b659684a06b3a126c6f1729551	./experiments/central20_53m_v01/cwattacks/adversarial_19137437.wav	07eff48a1e84d22fb18bafa264c117fec380e20c894c4db73ef420ddf33b9a0d	De nou, Microsoft, amb el seu producte Microsoft Office, gaudeix d'una quota de mercat similar a la de Windows, és a dir, una situació de monopoli.		2	0	sixties	male_masculine	septentrional		ca		nord
da112e853236069e90be572c43d3484739986208650dae2697b77486189aca4a8681beda55f072bb93089e8f2cbaff48f2e233f023d7c40afcff72daac801cb7	./experiments/central20_53m_v01/cwattacks/adversarial_30875132.wav	a01243ef9bf2153d75467e6161968e097a6264e334d20baf38916a8dc54a66f6	Harvey va ser un jugador de bitlles poc comú durant la seva carrera de primera classe.		4	0	fourties	female_feminine	septentrional		ca		nord
31e6f3a011661320b2e59b6f8be43f6db2243e9feabc2b9787c1413788e13eb0e5810bed983bf7ff66e46417d183a91ed50b3b9be9d89e4f51aada72293b9881	./experiments/central20_53m_v01/cwattacks/adversarial_32173695.wav	489f8499fe19063386ea533be10d9712543ede6836bdc5bf62e55d27b30a9f68	Dirigeixi molts anglesos cap a un lloc.		6	0	sixties	female_feminine	septentrional		ca		nord
3723bd65a05afc7411c2bfca904742062b7b0c081ba126e68c65d28eaa6122f69196f4959fc1795fe03f8e49ec7364863911f9b659684a06b3a126c6f1729551	./experiments/central20_53m_v01/cwattacks/adversarial_19104066.wav	dcf2c33d673a682d1f9c86d8ecf2b70010cc5b5f77e2f5372a942e04c8ea7902	Resulta evident que la Constitució espanyola no imposa, doncs, la província en tot cas.		2	0	sixties	male_masculine	septentrional		ca		nord
e021777335f7ec49bd1869c20b31d6170dd9389eb97b71b7d7f7f60974825d3bf347e03e31040d257e7e22700d23b89c0529affa26bc1d9ad1afb8f12826b74d	./experiments/central20_53m_v01/cwattacks/adversarial_30746086.wav	73d4182da45da77c61caad466b80650229c15fb1adf409aa7649c46a286f5584	Va morir degut a complicacions per un vessament cerebral a Malibú, Califòrnia.		10	0			septentrional		ca		nord
3723bd65a05afc7411c2bfca904742062b7b0c081ba126e68c65d28eaa6122f69196f4959fc1795fe03f8e49ec7364863911f9b659684a06b3a126c6f1729551	./experiments/central20_53m_v01/cwattacks/adversarial_19081569.wav	b23606f47f7b6ebee92f95f965366702e0818f7ac45123e3eb34827ef5627d5a	El País Valencià presenta dèficit fiscal amb l'administració central, independentment del criteri emprat.		3	1	sixties	male_masculine	septentrional		ca		nord
a85da08ef777b38da8cd0188419e5b5386d0f674bc345830648ec37a7694ee17cb2efa3c9af916c8b3742dd954feefb3fcccf4b5515f01187a06c896df37428b	./experiments/central20_53m_v01/cwattacks/adversarial_29460489.wav	1bbaeacbff40b5afa75a962ac63cfcc42b73efbd63d7525ff486a76a38da8735	El recinte del castell inclou l'església de Santa Maria de Ribelles.		2	0	twenties	female_feminine	septentrional		ca		nord
31e6f3a011661320b2e59b6f8be43f6db2243e9feabc2b9787c1413788e13eb0e5810bed983bf7ff66e46417d183a91ed50b3b9be9d89e4f51aada72293b9881	./experiments/central20_53m_v01/cwattacks/adversarial_32162808.wav	9355639df49b33451212c1c2d5a660db4897637025ab2cbe5cbd93b67e64fcae	Per Cap d'Any en Sergi i na Berta aniran al cinema.		4	0	sixties	female_feminine	septentrional		ca		nord
3723bd65a05afc7411c2bfca904742062b7b0c081ba126e68c65d28eaa6122f69196f4959fc1795fe03f8e49ec7364863911f9b659684a06b3a126c6f1729551	./experiments/central20_53m_v01/cwattacks/adversarial_19110481.wav	e644d147b23e9ad0deaaa300077e75a96cc1b7754d594a99da465eb834dbd331	Espere que la societat valenciana siga capaç de reaccionar davant aquesta difícil situació.		3	1	sixties	male_masculine	septentrional		ca		nord
8ebfa7fb8906786379e079e2e63e879713158d6f08d2c1b8e8744f097d782db703138e93c3da54b8f8ba476acdfc4610d752dd9ade7602c7cf6b94d1833b01df	./experiments/central20_53m_v01/cwattacks/adversarial_3216980.wav	284758edcd04c9a991ced23a5086bbcf78eaba8f0f4e8c863b5062cd46ddee93	Aneu d'ací d'allà sense agafar el cotxe.		6	0	fifties	male_masculine	septentrional		ca		nord
31e6f3a011661320b2e59b6f8be43f6db2243e9feabc2b9787c1413788e13eb0e5810bed983bf7ff66e46417d183a91ed50b3b9be9d89e4f51aada72293b9881	./experiments/central20_53m_v01/cwattacks/adversarial_31177374.wav	c6f856340030d33527e5eccb522aeda7188001823e1313cef6ad9b2da2c2b88b	Jo conree, cele, desacull, em desaveïne, crebante, cicatritze		4	0	sixties	female_feminine	septentrional		ca		nord
186eba4b411a167acfd47113617931bcd4ef4c672b7285a6f4e4af3fe3ae903041bd5387d7e385650cfd0c8f47dab312b26b46ae02ea723d62938137cabc02cf	./experiments/central20_53m_v01/cwattacks/adversarial_33486392.wav	19fd948f22942b199ae016aa6eea749169b2a441ea01f4333f1d0cd7b89884e4	Sí, és clar que podria ser… Però no és!		4	0	fourties	male_masculine	balear		ca		balear
987a19e4801ded09e010be389d4de46d5c0bd3a0128157c74caeeee616a984c018e366a5e41d2b1cb2ab27fa8b72901ae6740b4b2547c3f8ffbdb4b33afd63f8	./experiments/central20_53m_v01/cwattacks/adversarial_34147939.wav	34a9c821c57b6bde6347d15ce4918b2210fe74bb8f22346d0f3f29f699d81506	Només es conserven dos murs paral·lels, amb restes d'un mur transversal que els unia.		4	0			balear		ca		balear
77cd12af0a3d1d8cb64dd577bd2d50ac057d816694e8bc04089a6adb90e53ad6cbe9fe6aaf52596450e0c8178d8f9b88a545b27adcbc89bddf4d7c4bc4dd31fd	./experiments/central20_53m_v01/cwattacks/adversarial_20495096.wav	2e1ec5caf2ece7e31858a9077cd5a68c79933a6e3db744f31bd7a5ca003a821c	La petició no va tenir èxit.		9	0	thirties	male_masculine	mallorquí,Inca,balear		ca		balear
3dfec312f790c985434c214abdf9e2c44cb02530a7f55b1be99aae1a96b594b1f172794845f5697147e2ee03e0c11d6abe92331f976a86efeaee9772452bbf06	./experiments/central20_53m_v01/cwattacks/adversarial_31928435.wav	4ab3cb95db0548d0983502f8338614adc5c30be6c0029ac9ce1514fccdc3ff67	Per Sant Jordi en Nil anirà a Alzira.		4	2			balear		ca		balear
27e7fb881153e8aa973b73f3c7568b2bb85e22c3b3c2386af3059817658c8c387f028c882f12cdc90f1db957ef11ac938d93ac87d904103fdaa93d4aa3ee815c	./experiments/central20_53m_v01/cwattacks/adversarial_33894932.wav	314b4588ae43de5998742c3e68f50e228a47a6c3dc7918df01eb24c22ebd6f0e	Aquests van ser els primers mapes impresos d'Oz.		4	2	fourties	female_feminine	balear		ca		balear
1b7fc0c4e437188bdf1b03ed21d45b780b525fd0dc3900b9759d0755e34bc25e31d64e69c5bd547ed0eda67d104fc0d658b8ec78277810830167c53ef8ced24b	./experiments/central20_53m_v01/cwattacks/adversarial_19081476.wav	be1d789ef2d9d0b9d561030354126920f86e448d6f74cb10d92cc2f9c522e3bb	Pel gener, de dia al sol i de vespre al braser.		2	0	thirties	male_masculine	balear		ca		balear
97f12240658ae96f64c342e2048018f4348cc5bb87ad4c4ea0bd02b10d0585444ec6e77ff4cf1a144c2f50a4a209fbfe7ba9caed6c6e3ac84177ead4aa2c1b6b	./experiments/central20_53m_v01/cwattacks/adversarial_38185146.wav	9f41d417e6c5a8b681c24e1e7f322db62e1a7edd4f30c0b0e70be28aaed59626	Malgrat això, la violència nocturna, entre elles un tiroteig fatal, ha causat preocupació.		6	0	fourties	female_feminine	balear		ca		balear
af1f02ee2a12f6bb0ccd3e3eea148e86ccfd5ff0b2af238a808a47b5611c5597eaa24e82f9774cbdff05bfb56a3ba2005eb9be4d3de2e96d54d22387922c86a8	./experiments/central20_53m_v01/cwattacks/adversarial_37561841.wav	df950e4d2edf2a621af8dc56f958d20a18bace9cf776f69d50633b54676c7910	Fer una barrabassada.		4	0	twenties	female_feminine	balear		ca		balear
375c4f8ab5716847352cdfb27debd05433d5b0518261b8d8c0ba4478ed3a5f81b1322394714391e191a7cc26bbbdf62d45f2b3a97d1e13911646495fa61d5cb5	./experiments/central20_53m_v01/cwattacks/adversarial_22198319.wav	7925fa56c0041b5366d7d4ceb7d80eea058657e325f3413b80b42be7d5528f01	Es tracta d'una variació sobtada del ferm pavimentat.		3	1	thirties	female_feminine	balear		ca		balear
65287f242e642a4e354996ea5afa9f7e924825aee3eb1f0e84a83258eb500989dc354d4b5c99b574ceac8b7a00b34addbc9f969f9538e4f066b7b7cba9f557f9	./experiments/central20_53m_v01/cwattacks/adversarial_34561806.wav	39094733f5dd657fd2913a3233458f38bc8c9716f0925d02d28784c45d83cb80	"""Bernstein va descriure Skirrow com """"un artesà""""."""		4	0			balear		ca		balear
27e7fb881153e8aa973b73f3c7568b2bb85e22c3b3c2386af3059817658c8c387f028c882f12cdc90f1db957ef11ac938d93ac87d904103fdaa93d4aa3ee815c	./experiments/central20_53m_v01/cwattacks/adversarial_3389506.wav	3169847b1fbcbeb3e78d6626f14d0155132c5a835e170770ba9fb7e0652212d9	A hores d’ara n’ha recol·locats tres-cents noranta-vuit a l’estat espanyol.		2	0	fourties	female_feminine	balear		ca		balear
d2d1631ff3b480e01cd27192347281f604e1c28d5db57908ff184199c06e962ce90302a4fb6caa01cc89a9f180fd6e2ba0d5baba4cb0d9128ab22a52691aa1ba	./experiments/central20_53m_v01/cwattacks/adversarial_32858897.wav	2b2ff555db0304bf49ac3810214f088640fcbc2ef1a68829f616bf47dd3b1344	Dissabte en Guim irà a la platja.		4	2	fifties	male_masculine	balear		ca		balear
992dab1e95ee6c743d0396248b904896f98fce80a10974cd5f99ffc49c434521547ec78ea1b45f60ef925879a6d1ba383c43973ae9fddf5c09d7cdc0fd13fa44	./experiments/central20_53m_v01/cwattacks/adversarial_31921666.wav	48b63bde7500fd319dfb893b094a4d5c6e1a85de718acbb5323ee43953127da5	Diumenge na Sara i na Lola volen anar a Vilanova de Meià.		4	0	fifties	male_masculine	balear		ca		balear
af1f02ee2a12f6bb0ccd3e3eea148e86ccfd5ff0b2af238a808a47b5611c5597eaa24e82f9774cbdff05bfb56a3ba2005eb9be4d3de2e96d54d22387922c86a8	./experiments/central20_53m_v01/cwattacks/adversarial_37561840.wav	daedfba65adad362992f4a2ca6217fa47aa66197ff722fab3c6301c0ced4a43b	Els de Mas de Barberans, arriers.		4	0	twenties	female_feminine	balear		ca		balear
1f50d4bd740c1cd439904a56e64e59a67cb5e9965e1d3e0a9774873492630da9340046c584f13a19ff08713155863433a1a1e0dbc7adafcf2fc1136acbaa5459	./experiments/central20_53m_v01/cwattacks/adversarial_32300725.wav	c1b84ab1b6695465cf216c13f8c70e2200a20dc1274a416446cd4d4cdd7988bc	Pràcticament li ho ordena.		3	0			balear		ca		balear
6ae52ed98ab3ab7bbad7095d1f2e238e5a53071f194890ef645aa8f1ec540864ef0477c1004e1b2bba818bbeb18d250f1d3e348ca0f16cbab5169880d7fcc123	./experiments/central20_53m_v01/cwattacks/adversarial_17399957.wav	18d9e2a90434a3e99976f993fda2f6f25a1364fd9309aeacf8c851c9d774e9ef	No hi ha millor mestre que la necessitat, o pobresa.		3	0	sixties	female_feminine	balear		ca		balear
04eede97f60e2d4f292a007d5d3693b5214d8e8e2aeaa61151583cf6dc7bf412fcf24f40a90be061e22d102c9edc71a7db5d1d28d84de75fd44d7d7fbfa76266	./experiments/central20_53m_v01/cwattacks/adversarial_33449704.wav	01d108b05b8493e7cf86ca31caf54187aa8abb0ac78d7677193e126043d39939	Amb aquestes dades ja són cent trenta-sis els detinguts des del setze de febrer.		8	0	twenties	female_feminine	balear		ca		balear
e3fc1beeae293e0e1461b0d1b3a5e7b8b51ef51c0f96f046980ad137e6d494ef41073cf810be7d43ba8c657b5b3d132ec8e8e39a09c6e37f7cfe3edb8055f27b	./experiments/central20_53m_v01/cwattacks/adversarial_37560414.wav	e178a3214c20c3c50acda981dafe6849d4a4deb06568049ee3a78212165d937c	Hi ha alguns cursos que fixen uns requisits específics de participació.		4	0	thirties	female_feminine	balear		ca		balear
b8f6b91c03b00580b5875c62dcb6130651c2debffd48b0f2ce5a885e05aabdc690efba06f2e2d072f53d9cc29d0376ebedbf211ebb319cae465206d32cca8fb5	./experiments/central20_53m_v01/cwattacks/adversarial_37589340.wav	29a434d14e28f5e1fd8b51c220680d737930bb6bb6a8545093157c7384beaf83	No valer les baves d'un penjat.		4	0			balear,Som mallorquí, de Manacor, i tenim un parlar molt neutre i conservador de la nostre llengua Catalana.		ca		balear
186eba4b411a167acfd47113617931bcd4ef4c672b7285a6f4e4af3fe3ae903041bd5387d7e385650cfd0c8f47dab312b26b46ae02ea723d62938137cabc02cf	./experiments/central20_53m_v01/cwattacks/adversarial_33506834.wav	21de542ccbf2fe0d51ccb19a4ee332c782253df57e9ff173371fe79192938cae	Aquest és un govern de diàleg institucional permanent.		6	0	fourties	male_masculine	balear		ca		balear
71b2f35e1c9f3bb6dda55221ce6308875fd78b462b4a80fd2f79dd339991c22b459f641bb759b54fd7eb618b901a6f35c2e8f70f854fae73828d4e1298193e6d	./experiments/central20_53m_v01/cwattacks/adversarial_30774380.wav	7dc85833ca919d4b8bebae897741fa81db82981a78131db158e798257881266f	Es va crear un districte d'empreses pel carrer Choate.		10	0			balear		ca		balear
f95bd52c8c3622289bd2e6aedcf7d27122038df96663a211432a2ab857fa0dca1d55ff7ace0da2d92057f250490b6a2846b1e348f1f3876ea5f043d58041ebdb	./experiments/central20_53m_v01/cwattacks/adversarial_33506911.wav	2438d90d5ac0ae737aba8f914979e069c4a369e8f73a539afdb87e11327fa281	Mil dies a la presó.		8	0			balear		ca		balear
2ed8d915909e8cc99865563f6d928ad82b32163cf51069983355d47b4d43b765c6d8656becbfb573599c1aa7d6961d0177207ee361e9d8c3d5ab5a42f470f497	./experiments/central20_53m_v01/cwattacks/adversarial_23907727.wav	bec0308aa3f58a48e2f21add0b68bc98d6d7c46298c60676097a000325a55d6d	La seva interpretació salva l'obra.		3	0	sixties	male_masculine	balear		ca		balear
e2c533a6a37e80225e85a010eab68c70cfef3c2974c4e14781f5d34556cfb0ae15826a9e996a43f1f9692a00c3afa8187a7d9718a4cf6bed8a0add75f2d10796	./experiments/central20_53m_v01/cwattacks/adversarial_31126060.wav	ef2450e66f6819d3f95947f624a1e71e5fa4f762a90524aa804364fb422157e0	És una de les roses més conegudes del món.		6	0	thirties	female_feminine	balear		ca		balear
27e7fb881153e8aa973b73f3c7568b2bb85e22c3b3c2386af3059817658c8c387f028c882f12cdc90f1db957ef11ac938d93ac87d904103fdaa93d4aa3ee815c	./experiments/central20_53m_v01/cwattacks/adversarial_33894502.wav	31469a91c3b28eb9e20f54aa90543c1c91e6a16b2c541f8508d4c388c9f8fbcc	Altres de les seves aptituds, però, van ser sensiblement retallades.		2	0	fourties	female_feminine	balear		ca		balear
27e7fb881153e8aa973b73f3c7568b2bb85e22c3b3c2386af3059817658c8c387f028c882f12cdc90f1db957ef11ac938d93ac87d904103fdaa93d4aa3ee815c	./experiments/central20_53m_v01/cwattacks/adversarial_33894547.wav	3157de734bcc688bc79eb965e48869645e67de21081674dea80e96f5aa80a953	Com a jueu, es va obligar a Goldstein a deixar Alemanya quan Hitler va arribar al poder.		2	0	fourties	female_feminine	balear		ca		balear
e3fc1beeae293e0e1461b0d1b3a5e7b8b51ef51c0f96f046980ad137e6d494ef41073cf810be7d43ba8c657b5b3d132ec8e8e39a09c6e37f7cfe3edb8055f27b	./experiments/central20_53m_v01/cwattacks/adversarial_37560191.wav	decc0fc3151caa10543c93edddbdd6e2399c53c5ef96c2bea467a9a155adad1c	Els de Castelló de Farfanya, la gitanada.		4	0	thirties	female_feminine	balear		ca		balear
9d45479f7fefc7e11086bb272b84175d4c7a7b961fef4d7e13215008fd8b82293b0b6bbc6e6a4fe7b1b6c454bdf73c2f178db4e0319527bc94c1a1b2c9530aed	./experiments/central20_53m_v01/cwattacks/adversarial_35208456.wav	454983ceb016bcfddb6f8135fa2b608cd4ad3beb91f2490f9af2f9bad4bb1d7a	La seva existència està en disputa.		2	0	fifties	female_feminine	balear		ca		balear
16f5af4581c65d7b9af35a9fcf3d76d9cd34741b42ada0e586a9e79e0b7bf9e97bae6565511eec41cdc0b1a20338aed6eb4e4b80f94195363d680c8012be44eb	./experiments/central20_53m_v01/cwattacks/adversarial_3080637.wav	88f5415916935ce0e295d693aa420e673d2525714b8927545e0622ee489b8957	Tanmateix, a alguns jocs en línia encara es pot jugats en servidors gestionats per la comunitat.		2	0	thirties	male_masculine	balear		ca		balear
1b7fc0c4e437188bdf1b03ed21d45b780b525fd0dc3900b9759d0755e34bc25e31d64e69c5bd547ed0eda67d104fc0d658b8ec78277810830167c53ef8ced24b	./experiments/central20_53m_v01/cwattacks/adversarial_17460030.wav	8e8f12c2973115e4234452684ef55651520a128f8584ed2b51b4699cffc96e87	Espero que així sigui.		3	1	thirties	male_masculine	balear		ca		balear
26527c84247bb0804a7c264edb42b23f55e96abd5d4b2981ee1808c4ae4978feaca988dd9645afc1b6e6dc65dfb5563b3b5eb47656a4d97feb5b289d74c287eb	./experiments/central20_53m_v01/cwattacks/adversarial_31429022.wav	19bd0e771ed965e63f36acf349375218c2f7ef4b6d25157acf54a8a23914274d	L'activitat més recomanada és la pesca esportiva o recreativa.		4	0	fifties	female_feminine	balear		ca		balear
1f50d4bd740c1cd439904a56e64e59a67cb5e9965e1d3e0a9774873492630da9340046c584f13a19ff08713155863433a1a1e0dbc7adafcf2fc1136acbaa5459	./experiments/central20_53m_v01/cwattacks/adversarial_32141411.wav	8478499226cb4e3358307772d5e4a206dfdbffb79217430ffe4d69178f588c23	Dissabte en Quixot anirà d'excursió.		3	0			balear		ca		balear
f29b4f7594661cf3f04c366288486cc78dc42f76538c2ccf056246528b5aaf36ca08acfd15f507ad1c8a678ab9742200c4147f4e2fcd0384f1f91883965fc93c	./experiments/central20_53m_v01/cwattacks/adversarial_35016460.wav	3f6b000f2fc203266c70893275bb8e7a86710e6339fbf51830f31afd87997943	El felí que porta pijama de ratlles.		4	0	fourties	male_masculine	Català de Mallorca 		ca		balear
00595551f5bc52c3e54646c3288a916dbc82a26453989c969e546ee21b2faf8cde8f3b6c63987555d06bae45432c712979638295a27968de982c9161d7de49d0	./experiments/central20_53m_v01/cwattacks/adversarial_19905215.wav	126fd866ff1921e0ab0d32c355ab2038db590c5f704a38e55c98877f33b8f970	El segon quarter són les armes parlants dels Cardona, antics senyors del poble.		2	0	twenties	male_masculine	balear		ca		balear
d2d1631ff3b480e01cd27192347281f604e1c28d5db57908ff184199c06e962ce90302a4fb6caa01cc89a9f180fd6e2ba0d5baba4cb0d9128ab22a52691aa1ba	./experiments/central20_53m_v01/cwattacks/adversarial_32399779.wav	e5a7239beb199bfd5a949e9f98bdba1748fa46386c84acc8df757ebafc6cbc25	Per Cap d'Any en Pau vol anar al metge.		4	0	fifties	male_masculine	balear		ca		balear
06112f2bc7081c3e0858f4df856e564992c7ff9a923448dbec06ce8999df800319de22fa06cfc75fc9b47a5f66ce51e149e824b6dd1dcdf426b12fbfc99168fe	./experiments/central20_53m_v01/cwattacks/adversarial_37559785.wav	ddb6d41f7209d907aa7d8ef5ddad2c876976461e90d0c9eb702492b1190ce83a	Enaiguar-se-li els ulls.		2	0	teens	female_feminine	balear		ca		balear
7f24896be12622e563222917ae8a855fc6f151b7a5e627055e95a83b1d0736d3bb85328a34d9ba38258b5f655ddbb8be027144871388d2390a98d0a870f8c672	./experiments/central20_53m_v01/cwattacks/adversarial_37659020.wav	7af3d533b62d12c75ce2a4867e85230a9a557dbefb93b550a314e1f7b47b722b	Val més ser amo d'un ou que criat d'un bou.		4	0	teens	female_feminine	balear		ca		balear
2ea4b05a77e687a983ae866cd78943c4c59e4ce634ce87011e2a0c2ba86b71cf825336a469b47c69d346eb5e07c1bb72a535fbffd3a675e671f72aef696269d0	./experiments/central20_53m_v01/cwattacks/adversarial_37578172.wav	0884f287ebc276aabd35de06ce0e5bae08cdd66f559fcf35bdcd6d7cd74a8af0	La millor raó: el trabuc.		6	0	twenties	male_masculine	balear,mallorquí		ca		balear
b5955504dd0f8ee4f38b98462a4cf7d8f96ed525a5f9c21fb5fd02234d53653b55a5a89e9d3ba631d1795084ae6594ade9edfcae5b48ffe602f1780da18b15ff	./experiments/central20_53m_v01/cwattacks/adversarial_31057906.wav	e2d3ad17d38e23df4b539765493c64a7773ccfe3520ad031a22c82ce5c91d09d	A la planta baixa hi ha tres obertures, les dues laterals emmarcades en pedra.		3	0			balear	Balear	ca		balear
9dab7bd6da5810b93415a8b463a96edeebee23b56dfc53c74493d059c25e25f908510f5334395c7001ecc0049098065a2981e4dc896a6e4d3543c0d862bca55b	./experiments/central20_53m_v01/cwattacks/adversarial_31091552.wav	e8a634dac525130609547a4a523ec7650d13141f4883aec3aad38c19eb6e5a09	El resultat és un agut encara que fluid so que evoca d'alguna forma un sonar.		16	0	thirties	male_masculine	balear menorquí,balear,menorquí		ca		balear
cf7b37a9bd3dfd262995698cdf0f7c199bf8b0e51b02188bac415f05dccd16837a79b1e0f97ac9905a54a4c26d8412e23dc0231e9a9eb51dc98d3b0550b105ef	./experiments/central20_53m_v01/cwattacks/adversarial_34186549.wav	354095dcb7e9bd5b15b6099354b7e1f66e8d8633bca859660bb55c6dbee4c378	El nom de les religioses es prengué llavors.		2	0			balear		ca		balear
2ea4b05a77e687a983ae866cd78943c4c59e4ce634ce87011e2a0c2ba86b71cf825336a469b47c69d346eb5e07c1bb72a535fbffd3a675e671f72aef696269d0	./experiments/central20_53m_v01/cwattacks/adversarial_37562746.wav	e640f64e5ab9ae22baeb69c9e6bc53a4bbf1322e771db35374061c3107fc5d63	Mel amb vinagre cura el mal, però és molt aspre.		9	0	twenties	male_masculine	balear,mallorquí		ca		balear
3daf33db850effebb972fe6ed58c32511f05f6db321138969c8455bc4c03a7432890178e926234bbcf576e008beb4d9ab3838984ffc02d7b78120add751404cb	./experiments/central20_53m_v01/cwattacks/adversarial_36329627.wav	5114f82085ffcd55c97f891bdd8c242d3270789a98c3d290fed596f22d530efd	Podem certificar que el sistema compleix amb tots els requisits estàndard.		2	0	fifties	male_masculine	mallorquí		ca		balear
16f5af4581c65d7b9af35a9fcf3d76d9cd34741b42ada0e586a9e79e0b7bf9e97bae6565511eec41cdc0b1a20338aed6eb4e4b80f94195363d680c8012be44eb	./experiments/central20_53m_v01/cwattacks/adversarial_30801569.wav	876c599f0a6772e8d2826826389e6c89517b90f194c6e7b0a8e3e12af8939fe9	També es contempla l'establiment de línies de comunicació militar directa entre els Estats Units i Taiwan.		3	0	thirties	male_masculine	balear		ca		balear
b9f17c1960d3cb7ee32a201a16b1fb9d73b7b5c02f5ee2331573b8e9c85cfefd7ad6434d80a88ef940a91547d983fc784d63d38f72c26d14bcceccdbee011a6b	./experiments/central20_53m_v01/cwattacks/adversarial_32085607.wav	664a3cbefe5746b5663b6cb0fa4f9f7217a1639ee37127615c506c55dcaef53f	Dilluns en Blai anirà a Sinarques.		10	0	fifties	male_masculine	balear		ca		balear
a6c32592a20fa7386ad905e63f0dc75adc076247dbc24c955dd6131a6c761e2f8992e8e920b078d7696b7d61823b5982f9b8ad6f41cd14663d76f025c676e1d8	./experiments/central20_53m_v01/cwattacks/adversarial_30859666.wav	9b17bef648358490202ce51d85ce7a11f067de7b07f114666088a9d9c4f19045	Serà notificada per mitjà postal.		6	2	sixties	male_masculine	balear		ca		balear
186eba4b411a167acfd47113617931bcd4ef4c672b7285a6f4e4af3fe3ae903041bd5387d7e385650cfd0c8f47dab312b26b46ae02ea723d62938137cabc02cf	./experiments/central20_53m_v01/cwattacks/adversarial_33486705.wav	1a2519fba99916da9fadfcac57b16153d863e94825bd34a129a1d44827efe736	Això no és res més que una mentida.		6	0	fourties	male_masculine	balear		ca		balear
767ef829d2ec3e30d897eb44c5bdad75f7ba2bb169cec0f2a6a92735979556519afc4dda8e6c1e5efa02b20b0c2afbd0b5e790dfa79a49dc693259e438cc0671	./experiments/central20_53m_v01/cwattacks/adversarial_37899894.wav	8a8264af74dd1d0069720beae5a7c5c2a79412c6597281a19461ca3e92c59042	La Federació té seu a l'antic Escorxador Municipal.		4	0	twenties	female_feminine	balear		ca		balear
1b7fc0c4e437188bdf1b03ed21d45b780b525fd0dc3900b9759d0755e34bc25e31d64e69c5bd547ed0eda67d104fc0d658b8ec78277810830167c53ef8ced24b	./experiments/central20_53m_v01/cwattacks/adversarial_19081695.wav	c1469d305c7d4afac8e114bd85bb8375dd5f89d91e6d6cc864a045f328be0cd4	El meu amor per la bleda és etern i fidel.		3	0	thirties	male_masculine	balear		ca		balear
186eba4b411a167acfd47113617931bcd4ef4c672b7285a6f4e4af3fe3ae903041bd5387d7e385650cfd0c8f47dab312b26b46ae02ea723d62938137cabc02cf	./experiments/central20_53m_v01/cwattacks/adversarial_33486678.wav	1973e8a33a4094b69195e447afa7c6301ee335944625f9f1e5728dace8a8504a	Que els casos infectats ocupin regions que no estaven afectades.		4	0	fourties	male_masculine	balear		ca		balear
2b59e9f830e5ea00c500b63eff4e72553e0c2608f5741d35c226e733400412014d7697bd6efb67bc61b19fd61e40f9ed70fde2589fe0b5498915eebc1c8b5d93	./experiments/central20_53m_v01/cwattacks/adversarial_37151337.wav	6ab703b8636fdc33e82b0ff20ca96fcea52fed73eb26fba9216a8388b438d2bd	Demà passat en Quel i en Sol aniran d'excursió.		6	0	fourties	male_masculine	nord-occidental,Tortosí	Tortosí	ca		nord-occidental
2b59e9f830e5ea00c500b63eff4e72553e0c2608f5741d35c226e733400412014d7697bd6efb67bc61b19fd61e40f9ed70fde2589fe0b5498915eebc1c8b5d93	./experiments/central20_53m_v01/cwattacks/adversarial_31107454.wav	ec2fbcbfed2ebd3fec26f9cb8904138a0fd8eadef3fd2aeb1838ece484b6849b	Sota el portal s'entreveu un arc de mig punt ceràmic.		6	0	fourties	male_masculine	nord-occidental,Tortosí	Tortosí	ca		nord-occidental
2b59e9f830e5ea00c500b63eff4e72553e0c2608f5741d35c226e733400412014d7697bd6efb67bc61b19fd61e40f9ed70fde2589fe0b5498915eebc1c8b5d93	./experiments/central20_53m_v01/cwattacks/adversarial_37080041.wav	68d92a4f2af63b85e3f9b9cbece0821eac0e883d0995958cfe4795a5c73d3ae5	Vaig venir a buscar informació per curiositat més que per cap altra cosa.		6	0	fourties	male_masculine	nord-occidental,Tortosí	Tortosí	ca		nord-occidental
50e850ad8519302c75231e9efbe794de08ccc5130483f94a3470ce361b68d63605f81edd95ce67ae1c92dc95d75d2b5cf5c55434e6b5daa2d921a915c7865cc2	./experiments/central20_53m_v01/cwattacks/adversarial_24685807.wav	ddaf37366c8d096278c298e0428b0b0149d7afdf25c8b589c547c4f5348d11fe	Les referències heràldiques de la façana són una característica especial del poble de Castellnou d'Oluges.		2	0	fourties	male_masculine	nord-occidental		ca		nord-occidental
2b59e9f830e5ea00c500b63eff4e72553e0c2608f5741d35c226e733400412014d7697bd6efb67bc61b19fd61e40f9ed70fde2589fe0b5498915eebc1c8b5d93	./experiments/central20_53m_v01/cwattacks/adversarial_3748988.wav	4fa4aa77637d8c16d46f7c0be6dd839300cff0fe7551f5b090694ea9cd12d300	Com el carboner de Brocà, que quan té llenya no té pa.		6	0	fourties	male_masculine	nord-occidental,Tortosí	Tortosí	ca		nord-occidental
7b7593f44cc6f9f7b21495bca6f3d564f73f36b97ee15d51a783da8141463834022996c55e494800d21304079aefa8a5fe64350c9273e0d36453b097b2dcc5f4	./experiments/central20_53m_v01/cwattacks/adversarial_29303488.wav	15bda1dbae72381ce92f1eaa5f6bb87745a1214bb94da1657a587ae939d4a991	Apunta a l'agenda el número de l'Alexandra Entrena: sis, setanta-tres, vuitanta-sis, vint-i-nou, setze.		2	0			nord-occidental		ca		nord-occidental
151fcb1168f41a51c49e20b426605109e1d9dd50be2926aa9878040fe325eba2f2c470357a735e9e24b7412e78e2550a8fbd0ea77fed80e4d8f50a21f2064948	./experiments/central20_53m_v01/cwattacks/adversarial_19146565.wav	0df29f3b3962c7ea87f836b7e440264fec82ac9826ec2480a369405c10e73c46	El vi mesura la son.		3	0	twenties	male_masculine	nord-occidental		ca		nord-occidental
1be6c773da6334cc73e23312689bc8a5915529c905e1d5289dbfe00332a7dcb9ae97efe209635e2e5040783777409155926d231a5a5f76357494671512d2b1a4	./experiments/central20_53m_v01/cwattacks/adversarial_30893696.wav	a76837cc80e2d72d495d16ae066d3936ef940ac1b12fbd4394a34ad68bd55934	Altres han dit que sempre se li pot explicar a algú del comtat de Wayne, però amb mesura.		6	0	fourties		nord-occidental		ca		nord-occidental
7b7593f44cc6f9f7b21495bca6f3d564f73f36b97ee15d51a783da8141463834022996c55e494800d21304079aefa8a5fe64350c9273e0d36453b097b2dcc5f4	./experiments/central20_53m_v01/cwattacks/adversarial_34505597.wav	38691ef14b3fcf66d10083af9b9f97977eb05c233e87c85b8f3c695c4a5b988c	La majoria dels camins i sendes del parc són de grava.		2	0			nord-occidental		ca		nord-occidental
0143b5ff8cd8e5a3dda5f3d827767f860ba84c892ab41c419fa6dd7180a30f77aa4c3eb6d06f1a35070d650851aed0672feff3248a3dd133001e8cf03db02402	./experiments/central20_53m_v01/cwattacks/adversarial_37036554.wav	67bd71c368c4f95840ec9f8138fa4aeb0ff060f2824d928f414f15bf6a9fd22b	No, és el primer dia que vull llogar un cotxe.		2	0	sixties	male_masculine	Alcarrasì		ca		nord-occidental
2b59e9f830e5ea00c500b63eff4e72553e0c2608f5741d35c226e733400412014d7697bd6efb67bc61b19fd61e40f9ed70fde2589fe0b5498915eebc1c8b5d93	./experiments/central20_53m_v01/cwattacks/adversarial_38795667.wav	c2f20684b1ba93e6caf028cfa7f05c5d576808a1cfedc56c7388b721ea806adb	Les substàncies dissoltes ingressen al cilindre central per mitjà de transport actiu.		3	0	fourties	male_masculine	nord-occidental,Tortosí	Tortosí	ca		nord-occidental
4fd18c5239021205df6baff92849480127c6e59a89843eac990e260acbec77d355446a0345945205a76159b51ae3788fa6d1934fc8385a0a09f8224a3c68a2f3	./experiments/central20_53m_v01/cwattacks/adversarial_18832861.wav	c512f5359a26f8e123ecdc7582d841d408122e66265b90a9dc78b0777b778359	Tanmateix, aquesta important presència catalana a la Xarxa no es visualitza de forma evident fora de Catalunya.		3	0	fourties	female_feminine	nord-occidental		ca		nord-occidental
7b7593f44cc6f9f7b21495bca6f3d564f73f36b97ee15d51a783da8141463834022996c55e494800d21304079aefa8a5fe64350c9273e0d36453b097b2dcc5f4	./experiments/central20_53m_v01/cwattacks/adversarial_28331496.wav	55f8890ed700e5865a090ef5f937469c6bd92ce623a323d570defcf74d189c86	Els cotxes estaven plenament equipats i incloïen un quadre de comandament amb coixins de seguretat per a més seguretat.		2	0	thirties	male_masculine	nord-occidental		ca		nord-occidental
23cbef9055f5695aa502c09780fdb5a30667aad238ceb93c52aa44fe81f1360210f5ad3b1145fce842df48e3b8b59f42d8522a31e8caa7d9f3ae64606cccb930	./experiments/central20_53m_v01/cwattacks/adversarial_30928918.wav	b3865f7c3f2d38326852a367d2995dadf480743d8dce6cde01b074c5c00a6ba5	La Mònica va dir primer que els nens esmorzaven, després van anar a un pati.		10	2	sixties	male_masculine	nord-occidental		ca		nord-occidental
2f55a7c95d32f67466d47753c4c565c390df971606ab50b9d90a997bcaba14e94bee8857c7db84f731956c77d7c6fe788925ba3b04457ef94f4b8eae25303dfe	./experiments/central20_53m_v01/cwattacks/adversarial_36828386.wav	5c84ac285c5f574e2f423117f839a98cc92a1025150d46e8b113b199e0150b9e	Actualment, l'augment de programadors està fent que el ritme de desenvolupament sigui millor.		2	0	sixties	male_masculine	nord-occidental		ca		nord-occidental
c1e166044d7731207ce8b838011eae84814857a8ddb63b8a393d2497bdcd7e96d045aa229a7978533646cf9f9ea99a619943599d47a1558073690601fb486ad5	./experiments/central20_53m_v01/cwattacks/adversarial_304996.wav	5bfd598a125754de20d0c3e9a380e0659f9815db513bf6527c82f91b9dfc46de	Em pot portar al casal cívic?		2	0	thirties	male_masculine	nord-occidental		ca		nord-occidental
2b59e9f830e5ea00c500b63eff4e72553e0c2608f5741d35c226e733400412014d7697bd6efb67bc61b19fd61e40f9ed70fde2589fe0b5498915eebc1c8b5d93	./experiments/central20_53m_v01/cwattacks/adversarial_37127124.wav	6996aae897362ed294dc1d93eee11eac748e22a0d2e3556c5b9b9673a7f7092d	Tot i això, el Tribunal Suprem d'Espanya es mostra contrari a revisar el procés.		6	0	fourties	male_masculine	nord-occidental,Tortosí	Tortosí	ca		nord-occidental
20b276c981cfe43e0e92f612abeb9d79cf59ad4feb6f99a415e32bf5a79d0b69c003918aa38e92b43793417f7c4b498b1e650906a4b26247fc67a522bb92a05f	./experiments/central20_53m_v01/cwattacks/adversarial_27549474.wav	431c834958a595fed8eb532e3876609c80ca28f28d0a03fa333c9ca72e7f7dba	Un home camina pel carrer amb una gorra de beisbol i una samarreta de màniga llarga negra.		2	0	teens	female_feminine	nord-occidental		ca		nord-occidental
7b7593f44cc6f9f7b21495bca6f3d564f73f36b97ee15d51a783da8141463834022996c55e494800d21304079aefa8a5fe64350c9273e0d36453b097b2dcc5f4	./experiments/central20_53m_v01/cwattacks/adversarial_30536086.wav	6588eb0d30bd24d56ebd712996ea6d5f415fc552e539eb1cc543fe0b60ae17b2	No són amics en realitat, només treballen junts i parlen de tant en tant.		3	0			nord-occidental		ca		nord-occidental
dee065b956b99b10db4763759d64c41791af1a7e77f1864f90a2b0847a12633dcf9bc108db7eaf73cc8d0e750f5c37383a56cd77cc2276d3960104c6bebe6346	./experiments/central20_53m_v01/cwattacks/adversarial_30725300.wav	4d03ae8f854e68552b76bac9407ac9a8d25134d01149480b71c55348a894084d	L'altre dia el vaig veure per Morella.		6	2	twenties	female_feminine	nord-occidental		ca		nord-occidental
6ce00893a833a23002c74168368d73320c5a98e22518a8a7b88b2b66ff2b274e8bb39eac6e4e86786a63d350667c461b5b5c5ebd814bdea8edf74bab3624f53d	./experiments/central20_53m_v01/cwattacks/adversarial_30814600.wav	8bd0a0e3d61dbf0fabd6ec3569f2c5465497e742db21510e88905ac5490bb34c	M'agradaria anar a Almussafes amb autobús.		8	0			nord-occidental		ca		nord-occidental
bf64f21ff129fae4bf3ff795c39df0a4a6dc40ece1d71747a913dd84af2e4cac4e1b84213e23cb1397b3299f26b1b6302a3cdbd41da8baea2505febd6e1803ce	./experiments/central20_53m_v01/cwattacks/adversarial_20719481.wav	339a8db141754acf61d78017abf8dd4044693aa63268e11620600fc8d5eec332	Aquest fet permet que la vegetació de ribera colonitzi les vores del pantà.		2	1	thirties	male_masculine	nord-occidental		ca		nord-occidental
2b59e9f830e5ea00c500b63eff4e72553e0c2608f5741d35c226e733400412014d7697bd6efb67bc61b19fd61e40f9ed70fde2589fe0b5498915eebc1c8b5d93	./experiments/central20_53m_v01/cwattacks/adversarial_35132351.wav	434eeeccfa25943d790250bce3d62269f8c3e9b75cb7d51c42bbc80b2a1f188e	Hi estic en contra d'aquestes adaptacions...		9	0	fourties	male_masculine	nord-occidental,Tortosí	Tortosí	ca		nord-occidental
2b59e9f830e5ea00c500b63eff4e72553e0c2608f5741d35c226e733400412014d7697bd6efb67bc61b19fd61e40f9ed70fde2589fe0b5498915eebc1c8b5d93	./experiments/central20_53m_v01/cwattacks/adversarial_37823830.wav	837bd584deb99f3a4dee8478f46df0b62a901d9e709dcc0a3e0317883fe52f9b	Què tenen molt marcat els taurons de mans llargues?		6	0	fourties	male_masculine	nord-occidental,Tortosí	Tortosí	ca		nord-occidental
1be6c773da6334cc73e23312689bc8a5915529c905e1d5289dbfe00332a7dcb9ae97efe209635e2e5040783777409155926d231a5a5f76357494671512d2b1a4	./experiments/central20_53m_v01/cwattacks/adversarial_30893415.wav	a74c110ddc635f80ffb0686fd1d74584112efd219c6caff49272f6f725f5bfd1	Què hi ha a la plaça de Cirici Pellicer número set?		6	0	fourties		nord-occidental		ca		nord-occidental
2b59e9f830e5ea00c500b63eff4e72553e0c2608f5741d35c226e733400412014d7697bd6efb67bc61b19fd61e40f9ed70fde2589fe0b5498915eebc1c8b5d93	./experiments/central20_53m_v01/cwattacks/adversarial_3764538.wav	7a2cfd1bd7b9be5eae8f0da9836bac070f80a4f8e12b4217414ed0d49c7325ee	La qualitat de l'aire i aigua del Parc és excel·lent.		6	0	fourties	male_masculine	nord-occidental,Tortosí	Tortosí	ca		nord-occidental
49e4e4305e9ef352fb9bd0a1f9ac20d0695ef42c1bc0e10960a09ab9342c017bf518b062efc2ea6613597adee01689c9fe96cf4c51bad06d3b96b0e242ddfdde	./experiments/central20_53m_v01/cwattacks/adversarial_30849701.wav	97871657c1f8a446afc679eef0da3b8b3bb3772110d4c2729b7ab5525903263d	Quan va provar de retirar diners del seu compte bancari, el caixer la va informar que la targeta era invàlida.		6	0	fourties	male_masculine	nord-occidental,central		ca		nord-occidental
23cbef9055f5695aa502c09780fdb5a30667aad238ceb93c52aa44fe81f1360210f5ad3b1145fce842df48e3b8b59f42d8522a31e8caa7d9f3ae64606cccb930	./experiments/central20_53m_v01/cwattacks/adversarial_30928949.wav	b3b2d5393bd3516760fcca1855cdae4f6ac819ed074ca0107b13dc700c5c75b7	Les fonts que avalen que Kenneth MacAlpin fou rei dels pictes son poques i dubtoses.		4	0	sixties	male_masculine	nord-occidental		ca		nord-occidental
2b59e9f830e5ea00c500b63eff4e72553e0c2608f5741d35c226e733400412014d7697bd6efb67bc61b19fd61e40f9ed70fde2589fe0b5498915eebc1c8b5d93	./experiments/central20_53m_v01/cwattacks/adversarial_38521475.wav	b545f70f24303155acced1869290e3b3e458e2eacbde2ff22532b8dfe16a06c3	El safareig s'omple mitjançant el rec de les Arques.		3	0	fourties	male_masculine	nord-occidental,Tortosí	Tortosí	ca		nord-occidental
c1127909ae303e740378497a8e3f1ce7b2918c98222f2cabf71281a3972f8cf74ca2067273ec3d8292db734b3f7fd482dbceb404510eac5fa6c4bdd08d1ca01b	./experiments/central20_53m_v01/cwattacks/adversarial_31281898.wav	02040a623598ece4464e5d4fb109589da22675cfb68ea29f32f52d9c6fab408e	Al cim del penya-segat de l'esquerra hi ha una ciutat.		4	0	thirties	female_feminine	nord-occidental		ca		nord-occidental
2b59e9f830e5ea00c500b63eff4e72553e0c2608f5741d35c226e733400412014d7697bd6efb67bc61b19fd61e40f9ed70fde2589fe0b5498915eebc1c8b5d93	./experiments/central20_53m_v01/cwattacks/adversarial_30727322.wav	55e389faa0f04c2149488b3e74b1663701e81ce1b021a8a61716278dbf755508	Quant dura el viatge en autobús fins a Teresa de Cofrents?		9	3	fourties	male_masculine	nord-occidental,Tortosí	Tortosí	ca		nord-occidental
109cde7285882102cd22266e5fb429f7ad91e5cb18e0fc4f24c7d72ecb74eaed111fd615756802d7f79b8ec38cd4fe52269ace4a3d2bf7cd5c71a35fb769ed0a	./experiments/central20_53m_v01/cwattacks/adversarial_32503377.wav	0585298bbe8ed62e98d3d0df6c786244658eb497c12109a8da35def245665147	Per Cap d'Any na Neus i en Lluc aniran a Brunyola i Sant Martí Sapresa.		8	0	twenties	male_masculine	nord-occidental		ca		nord-occidental
20b276c981cfe43e0e92f612abeb9d79cf59ad4feb6f99a415e32bf5a79d0b69c003918aa38e92b43793417f7c4b498b1e650906a4b26247fc67a522bb92a05f	./experiments/central20_53m_v01/cwattacks/adversarial_27549430.wav	441956e925955f106b3503c8e7c008060f961f45c28b01097d2f39d67f27ce9d	Recentment, ha estat reconegut per la seva difusió de la cultura i l'art espanyols.		2	1	teens	female_feminine	nord-occidental		ca		nord-occidental
c8120fa62da461bad3f0ad6757666f08f3297581b99a5bd3403042189c96b604ef18bbc93646993c1d919a376cd1db257b3a224aca014e3fafc9ce730806f8fa	./experiments/central20_53m_v01/cwattacks/adversarial_36920068.wav	61a9981daa1f3bfaf0e3f24685a3c10863aae3fa2b40e03cb9e5c30a44cc1ed4	La porta principal, adornada de motius d'or i d'argent, s'obria sobre un gran santuari.		2	0			nord-occidental		ca		nord-occidental
151fcb1168f41a51c49e20b426605109e1d9dd50be2926aa9878040fe325eba2f2c470357a735e9e24b7412e78e2550a8fbd0ea77fed80e4d8f50a21f2064948	./experiments/central20_53m_v01/cwattacks/adversarial_19084709.wav	c5a1f7bbe38cca0b3f38b309c9b3e885badc5e28bad7f96bf093727922340963	Un cop acabat el debat, estem cridant a votació.		3	0	twenties	male_masculine	nord-occidental		ca		nord-occidental
a847d3e786ac291c4a1fbb4a35dd3575bbf5ab9f732b8a3b95ceb028057a2e5f731837e89cdf15412bc2ba49b515179add28a981352be15e60d3fb902e2872f4	./experiments/central20_53m_v01/cwattacks/adversarial_24277289.wav	d07025ebeee597aa8a01824d742d5a1adaf9b78f10882415c758d63d0b1552b0	En la planta soterrada hi ha el magatzem i la bugaderia.		3	0	fourties	male_masculine	nord-occidental		ca		nord-occidental
0a3e995c6b937b5797976778dabf2f95aebefb42c778e482c749b77cfb36c160411b215d9f18c1ae6e7ca653d1fb9176f988c74d040c98d1c37bd268a0d84e0a	./experiments/central20_53m_v01/cwattacks/adversarial_36903151.wav	eb76c1496e6f740c6f7deb473b98fc9771c0149f95e62bd7a789eeb4e813fc49	Vull anar a La Fatarella		6	0			nord-occidental,Lleida		ca		nord-occidental
69efea85dd0c62416593926f1551c9b747f8d8be2530427308491cd6171e0005b63f0a7af6a40377b13f85241298f348bf0421c33314f9e215a781bed1e8c948	./experiments/central20_53m_v01/cwattacks/adversarial_31010697.wav	d34ca265bd573b06314bb020e1168865dd22497805b36af0477787afc4ec086e	Un gos negre fosc juga amb un gos marró clar en un pati.		9	0	fifties	female_feminine	De l Est de Ponent,nord-occidental		ca		nord-occidental
2b59e9f830e5ea00c500b63eff4e72553e0c2608f5741d35c226e733400412014d7697bd6efb67bc61b19fd61e40f9ed70fde2589fe0b5498915eebc1c8b5d93	./experiments/central20_53m_v01/cwattacks/adversarial_36915592.wav	610b8685b34e467f47f383b9c4f5e9ec3a668547509f0418fa84323ed16528d3	Sovint, descriuen les coalicions al Bundestag i els legisladors estatals amb els colors del partit.		6	3	fourties	male_masculine	nord-occidental,Tortosí	Tortosí	ca		nord-occidental
d0a9d19375545972f8a96bd73b22071a5193ccdb19baa72dc107b733f222eeb1702ac01ef9f6f98b0343295c78e0e41bb09cb41ab18728c8435bf183242bb40e	./experiments/central20_53m_v01/cwattacks/adversarial_37973111.wav	906348da38b0837a094c0d8105033647acf8524da208c75be69e3e2b91bc20c8	Em pot donar una adreça de correu electrònic, si us plau?		4	0	fourties	male_masculine	nord-occidental		ca		nord-occidental
4b6aadfda8dad48e36bd1266fe639da81a467d68ec96399a48a31f661ecf3df8d79a9b8689424b6a29fd04afd4b4f1a5273d1be043f102d5db45c65177ea9bc5	./experiments/central20_53m_v01/cwattacks/adversarial_31221076.wav	f8f87ff540bc4288276e838873cc1ca5e4f758c7e57cfe62f698ef5541317719	Com puc arribar a la plaça de Mons número catorze?		4	2	sixties	female_feminine	nord-occidental		ca		nord-occidental
50e850ad8519302c75231e9efbe794de08ccc5130483f94a3470ce361b68d63605f81edd95ce67ae1c92dc95d75d2b5cf5c55434e6b5daa2d921a915c7865cc2	./experiments/central20_53m_v01/cwattacks/adversarial_27548884.wav	4419138c42dbee114b253e4f11ef3434240248062a1b852f2b2f5bc8d25937e3	Es desconeix el seu estat actual a causa del compromís de McAlhaney amb Anberlin.		2	0	fourties	male_masculine	nord-occidental		ca		nord-occidental
2b59e9f830e5ea00c500b63eff4e72553e0c2608f5741d35c226e733400412014d7697bd6efb67bc61b19fd61e40f9ed70fde2589fe0b5498915eebc1c8b5d93	./experiments/central20_53m_v01/cwattacks/adversarial_40076634.wav	dbb9b9659db33eefe730c020bf869d41c17f03590ef91c95f657f9c232cc9ca2	Aquest tapís actualment es troba al Museu d'Història de Girona.		3	0	fourties	male_masculine	nord-occidental,Tortosí	Tortosí	ca		nord-occidental
9a554627d25f4babb9f2b60b979bbb05b9c375d9eb89a88daf697806b0998eac964d0ca78b0c764c28b3bbc90618819db3f05f02842a609f5469168b47eee127	./experiments/central20_53m_v01/cwattacks/adversarial_37175058.wav	6b3be7229a19aa847043663caba49058eee8c58e50930be0f2816b6184f57fa5	Està a punt per anar al concert.		2	0			nord-occidental		ca		nord-occidental
2b59e9f830e5ea00c500b63eff4e72553e0c2608f5741d35c226e733400412014d7697bd6efb67bc61b19fd61e40f9ed70fde2589fe0b5498915eebc1c8b5d93	./experiments/central20_53m_v01/cwattacks/adversarial_3778679.wav	80c15e682452ab1f046e70f80152481ad04abb0fbeb64d798452b673759471da	Parry té un Màster Universitari en Gestió Empresarial i treballa de consultor empresarial.		3	0	fourties	male_masculine	nord-occidental,Tortosí	Tortosí	ca		nord-occidental
31535cb2ece4710d08fdbeefb6f8f75ed093fee4cf8573bd601d960f8c6156f0fd0a85712761691e86e31160b993ee0eacb10c4c8aed000cc394cf7c7d207a7e	./experiments/central20_53m_v01/cwattacks/adversarial_20072515.wav	1ab140b9b15e7f8f2e155fd595682795287c0c6e8f184175cef50ef5b2d53e0a	Les competicions es van realitzar a l'Estadi Olímpic d'Amsterdam.		3	0	fifties	female_feminine	nord-occidental		ca		nord-occidental
c27ba1da6c1b3fde13c18a77cf0854549633fe18cfeb15ca2ea0d084c57eddfbb941e0b449e04a88a66dc51f5651c43268382498492bc130aeb36f7754bfb323	./experiments/central20_53m_v01/cwattacks/adversarial_35237011.wav	461bc7ee7f8b9db5cbea21ce8b29394f9152debbf906626e913699068e59c8f6	Les fallides sovint s'associen amb els mercats baixistes, però no necessàriament van de la mà.		4	0			nord-occidental		ca		nord-occidental
2b59e9f830e5ea00c500b63eff4e72553e0c2608f5741d35c226e733400412014d7697bd6efb67bc61b19fd61e40f9ed70fde2589fe0b5498915eebc1c8b5d93	./experiments/central20_53m_v01/cwattacks/adversarial_34772265.wav	3a30a9ef0b2ca345f4a2a9ed04f6354234e07d4e3d01a340d5ffb69bd1c4641f	Desa el sis, setanta-tres, noranta-set, vint-i-quatre, cinquanta-sis com a telèfon del Denís Pau.		6	0	fourties	male_masculine	nord-occidental,Tortosí	Tortosí	ca		nord-occidental
1e98c25c4be81892e1ee2e031917a4c1eaa50f5da7f4303c6d9676af7e2ed79d236994bd463f972f7e53cd32013a2e7c75f0f48b6c885b2a0977e033a5c578a0	./experiments/central20_53m_v01/cwattacks/adversarial_31313326.wav	064d09f56ca38da6eb633a33a245c6e29c44621887f77b7475c909008778c0df	D'Espanya, les connexions més importants són amb Barcelona, Palma i Madrid.		2	0	fourties	male_masculine	Priorat sud		ca		nord-occidental
bc0b544f1c13cc1d0fe15b0eab96e89e6d4dfc8919de1fb757ef97a7d5de9efff5e520def5a8471b75480fd49d410d222ed9332089bd527946c74070e8ad1934	./experiments/central20_53m_v01/cwattacks/adversarial_28060992.wav	51fefcb586559861de987886161dc5891910088615298e6ecf68b68876767090	La numeració també es va restablir.		3	0			nord-occidental		ca		nord-occidental
